341.6, -1.6272787394946657, 4.6930882342752165
342.0, -1.9904322122436473, 4.6930882342752165
342.5, -2.4217340962992067, 4.6930882342752165
381.8, -11.481127665362688, 4.6930882342752165
385.5, -11.454869538937189, 7.625708074371768
386.0, -12.409651757185816, 7.625708074371768
386.6, -12.0630262876466, 7.870090379148775
387.4, -11.74732272631931, 7.758394035802413
425.4, -14.577678167025049, 7.758394035802413
426.0, -12.577637378409824, 7.758394035802413
426.6, -13.929893421435077, 7.758394035802413
427.6, -12.10817739734701, 7.758394035802413
428.5, -13.296684825440511, 7.758394035802413
455.2, -12.866175402747286, 7.758394035802413
456.4, -12.676804638578703, 8.277785151725642
457.4, -12.463889753059679, 8.147222563691088
458.2, -12.228052497804185, 8.013871068413426
459.0, -11.98142574721853, 7.883395733641993
459.6, -11.71382063778535, 7.749475972822185
484.7, -14.504211594900427, 7.749475972822185
485.5, -12.124023808483319, 7.749475972822185
518.8, -12.760448075069517, 7.749475972822185
519.4, -12.646411879425944, 8.477455804795765
519.9, -12.495227530897358, 8.331968797958599
520.5, -13.9261727864133, 8.331968797958599
521.1, -13.63763825699988, 8.528800497126001
551.8, -12.394358831042732, 8.528800497126001
552.4, -12.284278479521353, 8.335817838759125
553.0, -13.948091632186427, 8.335817838759125
554.0, -11.982257648178148, 8.335817838759125
554.9, -13.431681481091909, 8.335817838759125
555.8, -11.604481575642463, 8.335817838759125
574.3, -12.068625432540673, 8.130839898819765
574.7, -11.8801867996018, 7.985285748616177
575.1, -11.668865045418768, 7.841122950820825
594.8, -13.936275514391497, 7.841122950820825
596.1, -11.880236289885739, 7.841122950820825
597.1, -11.707808163410164, 7.899327975961518
621.2, -12.174877496365326, 8.306801146010955
622.6, -14.058435826412984, 8.306801146010955
623.5, -11.903437337211965, 8.306801146010955
668.7, -15.678687322092747, 8.306801146010955
670.0, -15.51524010405848, 9.399278916351905
724.0, -14.447521594217402, 9.399278916351905
725.4, -14.511879536304331, 9.559901646334009
726.3, -11.699235444468039, 8.732571648437625
727.1, -15.693567025229589, 9.55073015978671
772.6, -15.870131498828341, 9.55073015978671
779.1, -15.881646324016966, 9.900520091763003
779.6, -15.845960885440908, 9.753217575878251
780.2, -15.745574881534614, 9.60583511383629
781.2, -15.597270197939487, 9.463846233148606
795.9, -11.872909714982448, 9.463846233148606
815.0, -11.945831935058697, 8.7605139415594
825.1, -14.542147247261715, 8.7605139415594
826.4, -14.469812659386251, 9.241602301933336
827.4, -14.349821278988637, 9.101340452847976
828.8, -14.200074521019214, 8.968916067048497
829.5, -14.00198633662324, 8.824455666052543
830.2, -13.76822855931139, 8.677339410605725
830.8, -13.512351833844331, 8.53322907408368
861.3, -11.962073563896423, 8.53322907408368
861.9, -11.889769247506301, 8.26316339262232
863.1, -11.792089812962448, 8.133621397691655
864.0, -13.58599868208949, 8.133621397691655
929.6, -14.480354542300727, 8.133621397691655
930.2, -11.936429607601763, 8.133621397691655
930.8, -14.415079423792339, 8.133621397691655
931.4, -11.986805498247065, 8.133621397691655
983.1, -12.809897917611671, 8.133621397691655
983.7, -14.382182192592465, 8.133621397691655
984.3, -12.981047025589898, 8.133621397691655
984.8, -14.305309192799891, 8.133621397691655
985.5, -14.184532706731279, 9.048222116027944
986.1, -12.817992735580326, 9.048222116027944
1045.8, -14.425143035807308, 9.048222116027944
1046.5, -12.363760107211428, 9.048222116027944
1091.8, -14.22506031085625, 9.048222116027944
1092.4, -14.376688274021932, 9.689681077226798
1093.0, -12.570166732654616, 9.689681077226798
1093.6, -12.655188193670348, 8.977556551956383
1094.2, -12.68085512815519, 8.835462115029049
1126.9, -12.573576501258911, 8.835462115029049
1129.3, -12.648177023766003, 8.994661502197136
1132.9, -12.677165291938694, 8.893413373854848
1135.3, -12.675786202077688, 8.777204506797615
1136.0, -12.629073533617625, 8.6339544245006
1154.8, -12.518725172021167, 8.743260235364682
1190.4, -12.401726896169146, 8.743260235364682
1191.0, -12.490896136027024, 8.92645786122856
1197.2, -12.51145821204019, 8.860801999301367
1202.1, -12.520323508309893, 8.78043029764569
1202.6, -12.494286696101868, 8.632758035781821
1226.1, -14.567826026076444, 8.632758035781821
1236.3, -12.589843398616749, 8.632758035781821
1253.7, -12.497773071525867, 8.920833775477229
1401.7, -10.380751426067322, 8.920833775477229
1402.4, -10.933213980092914, 9.9038688675572
1403.7, -13.169467650176562, 9.9038688675572
1404.5, -13.566802103896553, 10.032551251901165
1421.1, -11.872588011825789, 10.032551251901165
1422.0, -12.208439677073246, 9.527662160687923
1442.6, -12.132595057308821, 9.559227757124031
1443.1, -12.419754938311248, 9.425753048616725
1443.5, -12.631993363354779, 9.287168568570074
1443.9, -14.297984575720815, 9.287168568570074
1475.9, -12.550962016705324, 9.287168568570074
1476.6, -12.71646648756828, 9.210047087838033
1486.9, -12.742716842789442, 9.180813223213544
1490.7, -12.811139525939637, 9.078943690719434
1532.9, -12.478136283847613, 9.078943690719434
1549.2, -14.61133208734663, 9.078943690719434
1549.8, -12.306732525243035, 9.078943690719434
1550.4, -12.445961172604266, 9.045855052456668
1551.0, -14.74578890146159, 9.045855052456668
1551.6, -14.660407920067213, 9.286381093114244
1552.2, -14.465397207397462, 9.12136698035655
1570.5, -12.53934694692702, 9.12136698035655
1571.1, -12.503883989557004, 8.61265321885232
1571.7, -12.323071137332095, 8.440197063321042
1572.3, -14.062758056634898, 8.440197063321042
1572.9, -13.819234243381521, 8.674847452169587
1603.8, -14.47990479425593, 9.135102671980095
1604.4, -14.306108928136087, 8.988089486464169
1605.0, -14.096073743564308, 8.841550889540898
1605.6, -13.856377757575569, 8.696002061818625
1606.2, -13.58015561948123, 8.54524281984865
1606.8, -12.035475677376107, 8.54524281984865
1607.4, -12.987545180227619, 8.54524281984865
1608.0, -11.555064444317395, 8.54524281984865
1608.6, -12.36809772066687, 8.54524281984865
1611.5, -11.211963334853152, 8.54524281984865
1612.1, -10.952499299828128, 7.407577382575253
1612.6, -11.596945625764944, 7.407577382575253
1613.2, -11.28295238420592, 7.5515093539319675
1651.7, -13.790631164096292, 7.5515093539319675
1652.3, -11.959085058235239, 7.5515093539319675
1652.9, -13.235339280438977, 7.5515093539319675
1653.5, -12.930850166280123, 8.231363789076047
1654.1, -11.292087193377435, 8.231363789076047
1664.9, -13.036636761194002, 8.231363789076047
1665.5, -11.382380559069379, 8.231363789076047
1666.1, -11.142229412765964, 7.523937844666783
1666.6, -10.888766917106242, 7.390851410472447
1667.2, -11.7642857730491, 7.390851410472447
1667.8, -11.44465489232013, 7.613923027048219
1668.3, -10.10063753503238, 7.613923027048219
1668.9, -9.77306563210129, 6.862987919181331
1669.4, -10.403374129045897, 6.862987919181331
1703.3, -11.544169882839013, 6.862987919181331
1703.9, -11.340770779604537, 7.686524457571228
1704.5, -12.632807953590179, 7.686524457571228
1705.1, -12.32238847915952, 7.96908737792501
1706.2, -12.04567146276979, 7.853542187374915
1707.0, -10.45733172598157, 7.853542187374915
1708.9, -11.577608415769703, 7.853542187374915
1709.6, -10.08796765500738, 7.853542187374915
1710.9, -9.899171245121762, 6.912721549336889
1743.5, -11.53653795990839, 6.912721549336889
1744.1, -11.347564421622279, 7.724801769771604
1744.7, -11.142755018985637, 7.588633222165289
1744.9, -10.89300214705078, 7.436278605066052
1745.2, -10.641107860758213, 7.29330563028297
1745.5, -10.384271026075922, 7.155630042543131
1746.0, -11.173796696728669, 7.155630042543131
1746.6, -10.87911153383415, 7.37564978048812
1758.9, -10.621922654799492, 7.37564978048812
1759.5, -10.386862533245292, 7.156985154334812
1776.6, -12.500054062123876, 7.156985154334812
1777.2, -12.213345822377644, 7.946180114729326
1777.8, -10.59674078454087, 7.946180114729326
1778.3, -11.61485572609503, 7.946180114729326
1778.9, -10.13362674494526, 7.946180114729326
1779.4, -10.995151709343512, 7.946180114729326
1803.5, -11.136029356744777, 7.946180114729326
1804.1, -10.935670803729032, 7.494131405559168
1805.4, -10.76094701779358, 7.385032505936382
1806.3, -10.558949355561271, 7.266039366806436
1807.1, -10.346109297642556, 7.14706013466764
1807.8, -10.123001640437257, 7.027901111653972
1845.1, -11.59762173278462, 7.027901111653972
1845.6, -13.127379160792344, 7.027901111653972
1846.4, -12.879210383425796, 8.273923593433357
1847.6, -10.127046878724402, 7.240072528709576
1848.4, -12.632146566023996, 8.111138331425563
1859.5, -13.027961480098257, 8.296363441520334
1862.9, -12.899885558839562, 8.234971778731866
1881.4, -13.56825909367538, 8.234971778731866
1882.0, -13.303355374506351, 8.434371772942075
1882.6, -13.021856560372642, 8.293401102946685
1883.2, -9.037359828322272, 6.737008872684021
1883.8, -11.419703140520317, 7.646828758335779
1884.4, -11.16621677366854, 7.515488980130435
1903.1, -10.221199067485884, 7.330853706497825
1905.5, -12.930074924017665, 8.249304328890384
1906.0, -12.626371810276325, 8.10852635322452
1921.6, -12.041995022460341, 8.10852635322452
1922.2, -11.824341482181339, 7.884591322563247
1922.8, -11.591729263887798, 7.748165310844419
1923.3, -11.341757275465161, 7.611185684960168
1936.7, -10.153953075926557, 7.264218038802133
1937.2, -12.664263748228137, 8.125707439571483
1937.6, -12.345269764731116, 7.983939134607313
1944.5, -12.532636613587574, 8.066440325343285
1945.0, -12.218399087918284, 7.929179207858063
1978.6, -13.804720992626269, 7.929179207858063
1979.9, -8.96708561008255, 7.020859019708668
1980.9, -9.903721905401015, 7.286424638065374
1983.2, -8.896959264988224, 6.812480996725362
1985.0, -11.787206761518334, 7.862103089256575
2021.9, -12.330263826195516, 7.862103089256575
2024.1, -12.251750668090422, 8.357645249483342
2024.8, -12.118450164659361, 8.215724932350257
2026.1, -11.977773084892792, 8.089947198398658
2080.0, -14.480549176136522, 8.089947198398658
2083.6, -14.440158886915347, 9.287619803944594
2084.2, -14.337394210920014, 9.141082543237559
2112.8, -14.484976886383423, 9.410640300548648
2113.4, -14.427469149038696, 9.264754722520989
2114.0, -14.315828140227834, 9.11692147051006
2114.6, -14.159769389198544, 8.97014225692739
2148.6, -14.471944011018056, 8.97014225692739
2157.0, -14.4585472941769, 9.326148780171025
2157.6, -14.369309890303553, 9.179771025728028
2178.5, -14.464143396601694, 9.339820632539784
2184.9, -14.434255730682022, 9.276691028465772
2188.3, -14.364476546314968, 9.17364630678902
2189.9, -14.243188624222975, 9.04372173743129
2191.4, -14.089219630462043, 8.91370710011906
2201.6, -14.136417855290023, 8.950967937570242
2220.1, -14.320675419132039, 8.950967937570242
2220.9, -14.16674510274091, 8.97597614151481
2221.4, -13.971400794842248, 8.82759525274308
2222.1, -13.750467328553034, 8.684150655438126
2223.1, -13.517894339752505, 8.549237485952219
2224.8, -13.303900989495638, 8.434654723069691
2256.6, -14.169631491101827, 8.978405067858755
2257.2, -13.9772894294169, 8.831704944675229
2258.1, -11.109511718139025, 8.831704944675229
2276.3, -11.220097705169533, 8.097796478391034
2337.8, -10.84877333110119, 8.097796478391034
2338.3, -11.031911956291264, 8.660767558291369
2338.9, -11.155500443609617, 8.524647111070182
2339.8, -11.223923905119577, 8.390819983084691
2352.4, -11.21092834741719, 8.425365881821117
2372.6, -11.134355825510958, 8.425365881821117
2431.8, -12.173572082100929, 8.425365881821117
2432.4, -12.423440197422563, 9.331522443056029
2456.4, -12.276146158916477, 9.415882310042754
2465.6, -12.375189556075128, 9.361210345120503
2476.4, -12.434457603936869, 9.324398076606894
2476.8, -12.609354878005604, 9.184462683668917
2477.2, -12.713795123769332, 9.042226890020327
2485.5, -12.440102021225732, 8.92641950490766
2544.5, -12.236572986457913, 8.92641950490766
2545.9, -12.476683687416458, 9.367803340526445
2600.2, -11.45815106236396, 9.367803340526445
2600.8, -11.820901382818048, 9.47792228302034
2601.6, -12.106375561494728, 9.348436614801463
2657.0, -11.216556650042614, 9.348436614801463
2678.8, -11.161481983472422, 9.63286535496175
2708.0, -11.024950511014024, 9.706380432819076
2711.9, -11.384221186467462, 9.605934383612555
2733.1, -11.333122648947342, 9.621309565367397
2733.7, -11.711691503796214, 9.495681934335238
2763.7, -11.420868281221027, 9.574609577520203
2772.6, -11.61633088074679, 9.508846100769864
2806.4, -11.27809110561585, 9.508846100769864
2840.0, -10.8847583175662, 9.508846100769864
2840.6, -11.31708000626596, 9.56307587605868
2842.3, -11.6579748303019, 9.44495067758472
2842.9, -11.952022896622996, 9.314365068943909
2843.4, -12.17755183301016, 9.177492671163906
2864.9, -12.067055863763605, 9.250543216704267
2865.4, -12.256906569268116, 9.11356847855504
2893.5, -12.032101980968118, 9.253022617859218
2901.7, -12.129148075638428, 9.193346413565521
2911.6, -12.184092985823803, 9.153313615513579
2933.4, -12.167112929028825, 9.153313615513579
2937.0, -12.31189542427405, 9.150924493252333
2950.5, -12.310096553181989, 9.152459369584466
2951.0, -12.439756585349873, 9.011775840368733
2951.4, -12.505316378614783, 8.868416501085656
2952.1, -12.513208773482765, 8.727656646653196
2976.4, -12.240288111060096, 8.727656646653196
2987.4, -12.242040589023748, 8.855847372704215
2992.4, -12.270366714571638, 8.774867050478402
2992.8, -12.276764308534107, 8.627869732163587
2993.3, -12.23324120762116, 8.483575664521489
3026.7, -12.11374142748344, 8.483575664521489
3027.7, -12.151448379583776, 8.671160213134378
3028.6, -12.140067251299618, 8.529495891290017
3029.7, -12.08818122901349, 8.395780217173288
3074.8, -12.272105963380385, 8.395780217173288
3076.5, -12.339896302600687, 8.846010831621793
3111.8, -12.08889921292946, 8.846010831621793
3132.2, -11.994437956754087, 9.180559003903898
3132.2, -12.177737668375178, 9.034781527937872
3132.8, -12.28250158866722, 8.895668924749526
3133.3, -12.328561219649934, 8.751817823217491
3152.9, -12.248038775685018, 8.751817823217491
3153.4, -12.286557194140151, 8.71719796675672
3154.0, -12.272296859124785, 8.574963562118352
3166.4, -12.282585883663417, 8.623497942100663
3166.8, -12.23568687664355, 8.476873145740388
3187.0, -12.28629837045677, 8.476873145740388
3187.6, -12.251183430226474, 8.512109768732241
3188.2, -12.170060196444563, 8.364746345719222
3199.3, -11.973134536732145, 8.352378498008932
3217.9, -12.030135794736086, 8.521309208997101
3244.0, -11.956674535835022, 8.741495410661491
3267.6, -11.85433124792184, 8.891321302604998
3274.9, -11.90262853447708, 8.832878717369486
3275.5, -11.975370737722624, 8.693097432446638
3290.1, -12.239723211653423, 8.818996676603925
3297.3, -12.254962751215656, 8.76913265679185
3298.0, -12.262095660075483, 8.626785765782225
3299.3, -12.225722804356428, 8.49520911015921
3305.2, -12.201544557825283, 8.443943435790928
3305.7, -12.103916717966854, 8.296409276795298
3306.2, -11.972465909774865, 8.152141886851938
3326.0, -11.915907986009115, 8.3241303829952
3326.5, -11.82344603489433, 8.180600121537731
3327.6, -11.852684389765825, 8.096221448541776
3335.8, -11.880226078564453, 8.123478181571487
3340.8, -11.837469324351709, 8.08160550123423
3341.3, -11.669443974250264, 7.935669704807017
3353.6, -11.831944953499548, 8.076370376806054
3355.0, -11.692095950144827, 7.954007962703
3355.5, -11.503039630900108, 7.8098256198155624
3356.0, -11.297049705291302, 7.669668350480979
3406.3, -11.88133651230344, 7.669668350480979
3408.9, -11.866761015793504, 8.411580553940706
3430.6, -11.873530154638175, 8.603312629753681
3431.2, -11.876882034718475, 8.462187208714662
3445.8, -11.826681771776464, 8.526159319730185
3450.4, -11.82402004679968, 8.447727665081823
3450.9, -11.783687133120763, 8.304067993788944
3465.3, -12.002202089825373, 8.304067993788944
3485.0, -12.017645643906523, 8.620601075788464
3500.8, -11.725953040791607, 8.620601075788464
3501.5, -11.754293288623087, 8.483384611027892
3502.8, -11.738702661119005, 8.353708831598347
3503.7, -11.68412869213933, 8.21765394372922
3537.4, -11.79136359331627, 8.21765394372922
3540.5, -11.813110242490803, 8.527792454658087
3541.1, -11.799847495078517, 8.383937453588619
3542.5, -11.750130660625011, 8.255053091167877
3544.5, -11.679967924591322, 8.141139478406133
3545.0, -11.561024450696001, 7.998019136290204
3545.7, -11.418265528530902, 7.860528152691095
3583.3, -11.674171214586545, 7.860528152691095
3606.0, -11.640322454387562, 8.60674604838042
3607.1, -11.674202480159847, 8.474092584867007
3607.7, -11.66297458779136, 8.332299166644866
3631.6, -11.874303055175274, 8.618648508156497
3632.1, -11.88208768347319, 8.474673955487141
3640.1, -11.879200651671301, 8.454337420292195
3660.0, -11.789657725734493, 8.588234223157588
3672.8, -11.779795154167097, 8.622271588402715
3673.3, -11.80122471762098, 8.47893556720925
3674.8, -11.779019304692811, 8.350607170102895
3699.0, -11.539314385364852, 8.350607170102895
3715.2, -11.506263188378709, 8.592939844174802
3715.6, -11.553760492404978, 8.450626437829202
3716.0, -11.550590714721432, 8.305844724831118
3723.8, -11.54705924410004, 8.288491903969524
3738.0, -11.604162002603163, 8.389033699603852
3760.4, -11.56959997523447, 8.389033699603852
3765.1, -11.595404593884677, 8.495495890320365
3771.4, -11.549938822097664, 8.42674272682011
3784.1, -11.543167689653012, 8.471293416325533
3784.8, -11.548498441106657, 8.331126375248957
3786.1, -11.515089976499032, 8.202593158248098
3806.2, -11.56194801327757, 8.398692459630608
3807.6, -11.546078475502135, 8.270790090453005
3822.5, -11.606781185754315, 8.384642026923467
3841.3, -11.591409301465719, 8.384642026923467
3854.0, -11.672452652051962, 8.583604382846373
3893.0, -11.372435314013233, 8.583604382846373
3908.5, -11.340551710273031, 8.932937310199922
3936.2, -11.139331420761636, 8.932937310199922
3937.1, -11.36942393064382, 8.939436097833312
3938.3, -11.530494531395028, 8.81068350390103
3939.1, -11.64015546681934, 8.674266409149887
3963.5, -11.49296466438395, 8.824754648593569
3982.4, -11.321903808293365, 8.868580892450106
3982.8, -11.475904711883768, 8.730228807532242
3983.2, -11.569506332667165, 8.58947958911255
4007.8, -11.644635048384494, 8.58947958911255
4008.3, -11.742707994949036, 8.669794645909649
4025.0, -11.7030424032138, 8.741914565605851
4025.4, -11.772362461646889, 8.599889897034625
4025.8, -11.787590341242671, 8.456107530832366
4026.2, -11.754458451288533, 8.31125615850719
4026.6, -11.676903518198051, 8.162999418884397
4032.8, -11.657762790248098, 8.134952401588318
4033.4, -11.542163564606344, 7.994036871342862
4033.9, -11.395604639285601, 7.851741841936372
4053.4, -11.659127845034174, 8.136889356976384
4069.9, -11.799492025705174, 8.136889356976384
4075.9, -11.780153792195119, 8.273563360233334
4077.6, -11.704608545403483, 8.150157251654386
4108.2, -11.839622865024792, 8.150157251654386
4108.8, -11.628805054451405, 8.337026858650946
4109.4, -11.592486764682342, 8.199322037755547
4110.7, -11.51810267137674, 8.07088797067196
4111.5, -11.406885099516016, 7.934817381490016
4112.3, -11.26934982026681, 7.79943487508169
4114.0, -11.138078549648569, 7.687840081912119
4114.9, -10.967821803195598, 7.55846397246008
4133.8, -11.37443545282929, 7.900510630081716
4163.9, -11.797209719967734, 7.900510630081716
4165.2, -11.748652530838433, 8.25944463323384
4166.2, -11.664567617327918, 8.124424850253861
4174.6, -11.678484654770001, 8.143647742723696
4175.1, -11.560615434326195, 8.000541783847382
4175.5, -11.409809208716094, 7.8551232215682685
4188.7, -11.57092269055053, 8.011671649966056
4208.4, -11.800161961865344, 8.275154817957972
4216.7, -11.801462283508721, 8.277683261586207
4218.1, -11.722191170913717, 8.151246489198567
4277.6, -11.498789925861889, 8.151246489198567
4280.1, -11.610228431850501, 8.74361585439734
4280.7, -11.690600353519134, 8.604797134732305
4281.2, -11.718105456813799, 8.461690704359402
4311.0, -11.55492863012734, 8.461690704359402
4311.6, -11.633565149007431, 8.575530126666028
4313.0, -11.658997255163829, 8.446080531536243
4313.9, -11.642409517819639, 8.309184665577147
4326.7, -11.655354302483437, 8.37310630077304
4330.6, -11.581035586390376, 8.271090434585213
4331.1, -11.517185356246568, 8.125807813464052
4331.5, -11.416050800259635, 7.980935074713409
4332.0, -11.285143551349627, 7.838809112739494
4332.4, -11.125202883793294, 7.695376021453146
4332.8, -10.93849864917739, 7.55031295566447
4365.3, -11.581673136316535, 7.55031295566447
4383.0, -11.642150318301129, 8.344014205090634
4390.0, -11.768410078173035, 8.352356932748947
4391.9, -11.71835596106063, 8.232484420308039
4392.5, -11.625207027160787, 8.09113099510347
4393.5, -11.50740598120997, 7.957675324271222
4394.5, -11.368345516272749, 7.82786372010946
4395.3, -11.204167279940796, 7.695196683920196
4428.8, -11.586334305829174, 7.695196683920196
4430.0, -11.522275633165988, 8.112560647181928
4430.9, -11.424441831794104, 7.977669681374021
4431.0, -11.281531746260864, 7.826345265700802
4431.5, -11.121072955326234, 7.685616833740575
4461.5, -11.569675985974445, 8.201602922561916
4462.2, -11.488514720685178, 8.061139270796897
4500.8, -11.475528398933083, 8.061139270796897
4500.8, -11.509472780438264, 8.386609257676058
4502.0, -11.506367847768564, 8.25709180642188
4502.1, -11.44600443436074, 8.106949357771834
4503.1, -11.490218502061287, 8.017179624585799
4503.9, -11.363948085530707, 7.880719610010329
4504.6, -11.213287740137027, 7.744135435131723
4505.3, -11.040375502231235, 7.608683431405001
4505.9, -10.8501358898396, 7.473665861849454
4535.2, -11.521292382346282, 8.064640940809694
4566.6, -11.666620771055785, 8.064640940809694
4567.4, -11.657054994740289, 8.33495213130619
4568.6, -11.610333975835955, 8.204493465564097
4577.5, -11.617466070086508, 8.219611245243719
4601.3, -11.49622426506547, 8.219611245243719
4602.0, -11.493127731039793, 8.28394160199744
4632.3, -11.466795802525732, 8.28394160199744
4644.1, -11.460801741324397, 8.61164817643903
4644.5, -11.520089215332469, 8.468521570972198
4646.3, -11.529180522048499, 8.34659162547812
4646.7, -11.496868948414313, 8.202279197287957
4647.1, -11.420036000972138, 8.052289978963085
4672.9, -11.501169056904942, 8.052289978963085
4673.6, -11.478778604253625, 8.221810591266989
4711.1, -11.417375148756106, 8.221810591266989
4711.7, -11.4914745354107, 8.503833441790622
4718.4, -11.504805393001815, 8.454209797268827
4720.3, -11.51199094706812, 8.33447929991498
4720.8, -11.47892949835043, 8.19197540943534
4721.2, -11.404116936903117, 8.046237217820853
4765.5, -11.546413365245945, 8.046237217820853
4766.1, -11.605822902473335, 8.510666862439956
4767.0, -11.615518050162402, 8.3749534724086
4773.6, -11.61008956282872, 8.334385742902118
4832.5, -11.30140341803429, 8.334385742902118
4846.1, -11.306070092260327, 8.972419900854003
4846.5, -11.494804253596136, 8.834121192831587
4846.9, -11.618801630697241, 8.693444664097829
4848.1, -11.680485386172567, 8.562049630037796
4848.7, -11.695961084287505, 8.42147967027095
4849.2, -11.665010045591544, 8.27858808458222
4866.8, -11.574117569514348, 8.27858808458222
4875.6, -11.573963113135864, 8.383127666638252
4876.1, -11.54758752236227, 8.240570054714416
4906.1, -11.672297449727262, 8.240570054714416
4906.6, -11.700850383846962, 8.458951798093459
4907.2, -11.681566964631564, 8.317859808202405
4908.0, -11.622829250756679, 8.18026687806062
4908.1, -11.51866076199997, 8.028986673993794
4934.3, -11.663546498751101, 8.363469594004739
4934.9, -11.680039365714002, 8.240641402395578
4940.8, -11.657490746041043, 8.196792661093184
4941.5, -11.56343349853202, 8.057724125363592
4944.4, -11.485954037579218, 7.967872934762601
4960.8, -11.637318619604594, 8.162365615449215
4985.2, -11.734107546704722, 8.444526251725685
4985.8, -11.705847085840288, 8.303259398293307
5007.5, -11.85534805206169, 8.544570570904241
5008.1, -11.842440145056488, 8.403223894745507
5016.4, -11.839864002366202, 8.3933639178009
5044.9, -11.761984017135738, 8.3933639178009
5064.2, -11.699928302478888, 8.764806990852202
5073.2, -11.722335931981403, 8.733060986990518
5082.8, -11.735981528858714, 8.711195032284374
5083.2, -11.791522171015412, 8.568134564576807
5083.7, -11.793999388190667, 8.423928864489724
5087.2, -11.711571433319174, 8.314577233319524
5110.3, -11.7291316639484, 8.314577233319524
5119.5, -11.731148036610465, 8.523964574089689
5120.0, -11.805604857310204, 8.404113831426216
5120.6, -11.755875225882917, 8.262732872378582
5165.6, -11.679085141745208, 8.262732872378582
5173.3, -11.697360455648068, 8.733084670428617
5173.8, -11.76584484720101, 8.591107786852719
5174.3, -11.77924607852586, 8.448865605248375
5189.3, -11.777697142308044, 8.530502048830556
5190.4, -11.772252619778913, 8.397430651949444
5191.1, -11.724567954987029, 8.257189916191694
5191.4, -11.633968919663852, 8.109736115337167
5191.7, -11.507468858719502, 7.962433700668071
5192.1, -11.3531431003224, 7.818089518016773
5192.8, -11.177597469273163, 7.677527440993718
5222.2, -12.500023773670366, 8.444174619602295
5228.5, -12.473893216103788, 8.414223264954499
5250.3, -11.7667002958302, 8.414697765620767
5258.0, -11.712238764911492, 8.37317108603309
5291.4, -11.784534026809805, 8.37317108603309
5292.0, -11.846687899440296, 8.614038548830639
5293.4, -11.8579632568049, 8.485331878134462
5294.0, -11.825849432613287, 8.34369933597433
5312.4, -11.79204533132125, 8.481890748171828
5312.9, -11.76721075482705, 8.338881191786959
5314.6, -11.712034835800605, 8.21616438527798
5332.3, -11.779847574641792, 8.21616438527798
5332.9, -11.72619343780611, 8.242273533671659
5334.3, -11.64497284936631, 8.114036163200998
5335.1, -11.528708285775645, 7.977608847999449
5343.7, -11.565824182181473, 8.017677492631195
5373.1, -11.742086584575805, 8.017677492631195
5373.7, -11.702834986365996, 8.271598357707049
5397.8, -11.636862129023623, 8.489651483974367
5404.3, -11.6417234954832, 8.440244359597166
5407.9, -11.635414338913346, 8.347972541132767
5408.3, -11.588732269604677, 8.203247840123614
5408.8, -11.503419821350043, 8.060023365617422
5409.3, -11.383336744317399, 7.915860378731549
5423.1, -11.571995234167707, 8.08408669340007
5423.7, -11.452875561333675, 7.943530210606593
5440.0, -11.643187903106453, 8.148863057938572
5454.2, -11.709030540791012, 8.269056057746143
5454.8, -11.628407369240044, 8.126963376185705
5476.7, -11.744656790887241, 8.378876951852313
5477.1, -11.691722326806234, 8.232278379714092
5477.5, -11.59874630813445, 8.086206157879136
5477.7, -11.46666757912921, 7.935848180902266
5489.6, -11.65782709237599, 8.077381767720446
5510.1, -11.817742851949617, 8.077381767720446
5541.4, -11.643192719757678, 8.077381767720446
5545.4, -11.674116792194159, 8.52699607902298
5546.0, -11.679464200316357, 8.38572492400082
5573.4, -11.509796498683038, 8.38572492400082
5574.0, -11.562024321458827, 8.472109776527853
5574.1, -11.563412785753778, 8.320371753761789
5574.9, -11.521025565706628, 8.182416813400629
5575.4, -11.43908479660857, 8.039606299021019
5576.1, -11.327739191562621, 7.901619421985164
5619.5, -11.597724162221306, 7.901619421985164
5620.2, -11.61915393221724, 8.408103604360585
5621.5, -11.59865512452926, 8.278995202211854
5622.3, -11.461890173062297, 8.117491727694322
5625.4, -11.542833823664806, 8.070964644587702
5626.0, -11.423912599737552, 7.930529574662243
5626.5, -11.275135862998805, 7.788823172321722
5627.9, -11.129155650484183, 7.668798365406635
5662.8, -11.523460378676669, 7.668798365406635
5663.8, -11.465081623944661, 8.109526367169313
5664.9, -11.377419535837006, 7.978640068084582
5665.7, -11.255149918900969, 7.839984954698554
5666.4, -11.109394821582681, 7.704050906641773
5666.6, -10.925440402543993, 7.556324458098518
5679.4, -11.244846731594391, 7.778875198120319
5703.6, -11.5726067586802, 7.778875198120319
5709.4, -11.550195269147409, 8.122436772491646
5735.0, -11.528136923793644, 8.122436772491646
5742.4, -11.5183993817132, 8.356418658799761
5742.9, -11.491276973568674, 8.21400025925106
5766.5, -11.510695338574404, 8.453416267169377
5767.1, -11.514771458629578, 8.313118252545413
5786.1, -11.469337425395302, 8.452687351961016
5786.5, -11.478013885362248, 8.307291445151304
5786.9, -11.440480714980474, 8.163078227913854
5787.3, -11.361345691427486, 8.016367779514793
5787.7, -11.24785816589535, 7.871417926070823
5788.1, -11.10483689680435, 7.727451076280238
5788.5, -10.937328837231052, 7.585040911955704
5811.0, -11.336279733546341, 7.585040911955704
5826.7, -11.429087765646752, 8.14265423193439
5827.2, -11.347088946468457, 7.998878075139127
5836.2, -11.370002268984699, 8.033320916264154
5837.4, -11.274565261745108, 7.904561728938149
5838.4, -11.151691653845853, 7.773354253057676
5862.3, -11.411757493576323, 8.132384642452942
5878.8, -11.563041680774695, 8.308578286890894
5879.2, -11.514006013550746, 8.1640134960386
5883.5, -11.476873741777107, 8.095603725161974
5884.1, -11.375584196056908, 7.955136117625478
5884.6, -11.2413895387361, 7.812044684533665
5885.0, -11.076773483464576, 7.666491358060197
5885.5, -10.890978529068143, 7.523608775738168
5923.3, -11.471828583198878, 7.523608775738168
5931.5, -11.470721475172743, 8.212759363900064
5935.5, -11.438974416338704, 8.133048786541165
5935.9, -11.351906415062926, 7.988451217532012
5936.3, -11.231365419732898, 7.8442320563736745
5936.8, -11.085060253242045, 7.7032320246380195
5944.3, -11.093376655104846, 7.730029527244712
5944.8, -10.931966754110514, 7.590180377235454
5962.8, -11.241149011955923, 7.590180377235454
5963.3, -11.106028624217473, 7.741965030443515
5981.4, -11.381097345194124, 8.018074017316408
5981.8, -11.265631317857178, 7.873654324070325
5982.2, -11.12051048966172, 7.729714982049315
5982.6, -10.95102879400363, 7.587273618345835
5988.0, -10.949816665235064, 7.58632156651145
5999.0, -11.118697763428527, 7.728073713331239
5999.5, -10.946943880140308, 7.584068329252444
6022.4, -11.346970893650077, 7.584068329252444
6036.3, -11.427085092305886, 8.11559950287881
6036.8, -11.33770534788752, 7.9730503672282405
6037.1, -11.212105868129264, 7.826576469064825
6059.0, -11.307561902538382, 7.826576469064825
6080.0, -11.476415367464709, 8.351637531113646
6081.1, -11.456040094963354, 8.217757670100404
6082.1, -11.399485611250897, 8.084150472659946
6100.7, -11.469133123782864, 8.273060428357438
6101.1, -11.421827980474484, 8.128156971197111
6126.1, -11.473048356131178, 8.128156971197111
6126.7, -11.467625973301175, 8.26501450718782
6128.0, -11.425903851800317, 8.137033590419518
6171.9, -11.182377780822506, 8.137033590419518
6172.7, -11.272708622276538, 8.478040945751546
6189.8, -11.362748911920196, 8.602328509655795
6216.9, -11.102981501611314, 8.602328509655795
6217.4, -11.24868494693256, 8.62496627767345
6223.9, -11.294670571466895, 8.563661801390804
6226.9, -11.405555797563856, 8.474996709201992
6250.6, -11.305276288403867, 8.474996709201992
6251.2, -11.393071491203148, 8.506885839335443
6251.7, -11.428456612901261, 8.36597259253216
6252.3, -11.416640020486152, 8.225019337693123
6252.9, -11.363819825205345, 8.084397593821954
6258.3, -11.27450121539663, 8.018833569399987
6258.8, -11.175448233003792, 7.874533885318775
6286.9, -11.530338325936999, 7.874533885318775
6298.7, -11.534364680769833, 8.361620233248594
6299.3, -11.507172296569102, 8.220583299278122
6299.7, -11.438094103469357, 8.075914551949738
6300.2, -11.33452744113586, 7.933436795528206
6310.7, -11.27504547224723, 7.970372012766367
6311.3, -11.164526839972394, 7.830754396261601
6312.4, -11.035814941401716, 7.700271825840328
6313.3, -10.886113315377003, 7.57039679812338
6314.1, -10.717567176728599, 7.440763359972373
6314.9, -10.536886503699415, 7.314438405593197
6315.6, -10.341272661898978, 7.187890033872062
6316.3, -10.13800943761002, 7.064615493722187
6316.9, -9.920391946107673, 6.939686390362333
6317.5, -9.701364156019933, 6.819733921052318
6318.2, -9.482433517288188, 6.704532473566551
6357.2, -11.219279966652952, 6.704532473566551
6357.7, -11.075063604745155, 7.708222482881022
6371.1, -11.244367840198079, 7.879447609269504
6371.5, -11.10497901512668, 7.735796876943414
6371.9, -10.940333258492666, 7.593295826246714
6372.2, -10.749833899669003, 7.448821773221883
6372.7, -10.54944222161735, 7.311585503543267
6373.2, -10.339064751067175, 7.178534990506871
6386.4, -10.766255847104253, 7.460652347457546
6386.9, -10.566469157590266, 7.322795986163999
6405.3, -10.962845896387886, 7.667019427558565
6430.5, -11.277548685842756, 7.667019427558565
6437.4, -11.268430786232345, 8.053480913278374
6437.9, -11.181461571731768, 7.909483147513102
6438.4, -11.06395296450473, 7.768000174117095
6444.1, -11.049281984069292, 7.752458329276254
6444.6, -10.900164624119983, 7.610173132167804
6445.0, -10.727926635755466, 7.468891116721716
6445.4, -10.532033741506298, 7.325953502103542
6456.8, -10.698436485441789, 7.483755419053797
6457.6, -10.534242545249153, 7.355505289139029
6482.8, -11.058918664688584, 7.851253775809902
6483.4, -10.944139477130664, 7.712566059620401
6484.3, -10.810653980565187, 7.580909949387537
6522.7, -11.195373308811144, 7.580909949387537
6523.2, -11.171856757766694, 8.082860725765435
6538.6, -11.117193864465406, 8.180502704008726
6539.1, -11.092631625190744, 8.039424364717693
6556.5, -11.122748428942895, 8.039424364717693
6557.1, -11.101161631312262, 8.056610114418532
6571.2, -11.12090729383276, 8.157984813500587
6571.7, -11.08773580076923, 8.01654241895523
6572.2, -11.017004481079354, 7.8750351991339524
6582.0, -11.046957208661876, 7.926860963296358
6588.8, -11.040389341201228, 7.914796887605102
6589.3, -10.9436466739724, 7.770813099177487
6596.8, -11.086922528090133, 7.831985825102001
6619.1, -11.253310343081496, 7.831985825102001
6639.4, -11.280651746939261, 8.327949383300838
6640.0, -11.277020036263039, 8.18814321579438
6640.6, -11.231890894400195, 8.047154185293953
6641.2, -11.151119670866215, 7.907256179263973
6653.1, -11.209735029471293, 8.00241865995445
6656.5, -11.160222480325084, 7.920568358465667
6676.5, -11.203875748492838, 7.920568358465667
6682.7, -11.194012005069444, 8.099697337198066
6683.2, -11.133246343359007, 7.9578593735406065
6683.7, -11.038075176736367, 7.8163102991955595
6684.2, -10.913482755590447, 7.675578232380361
6691.1, -10.931315879217303, 7.6939559689209265
6710.0, -11.027527252694497, 7.6939559689209265
6710.5, -10.936069260346832, 7.783147183510296
6711.1, -10.819207684455684, 7.645079945673616
6711.5, -10.670878111874153, 7.501746546513185
6711.8, -10.498563592007153, 7.35863054915076
6712.2, -10.311695697274027, 7.220321706162006
6745.0, -11.030722437640929, 7.220321706162006
6745.7, -10.941586689756763, 7.780305579729054
6747.7, -10.853580128396981, 7.675018397458193
6749.1, -10.736684041640544, 7.556777255501161
6757.0, -10.752977454763325, 7.595813922835422
6757.5, -10.601952133536278, 7.454935087888151
6775.4, -10.951771410275036, 7.7729794938849075
6796.3, -11.00916762241108, 8.020232517985521
6796.9, -11.011334665950473, 7.9006688499322735
6815.9, -11.088351689452283, 8.112462168414288
6833.6, -11.07971335168818, 8.112462168414288
6834.1, -11.080666715283954, 8.114308924689478
6835.0, -11.043149974620706, 7.980354241452312
6835.8, -10.971924825424841, 7.845158696964021
6837.0, -10.878668981769613, 7.718914417635444
6837.9, -10.758559417444548, 7.588775355908214
6862.8, -10.940520364021026, 7.953891813961632
6863.3, -10.872137813371971, 7.812865402169509
6863.9, -10.77359531422176, 7.674560615450902
6868.2, -10.728744951107338, 7.621975991446378
6909.8, -11.00225794670729, 7.621975991446378
6922.2, -10.989474525660277, 8.31894885489792
6922.6, -11.02064312610754, 8.177352733959287
6923.1, -11.006341601426216, 8.0350538750534
6923.5, -10.951634362052433, 7.891880183776643
6927.6, -10.839381545191822, 7.799922559483921
6928.0, -10.75684095722259, 7.663833469860933
6928.5, -10.628984211673865, 7.524411551842224
6928.9, -10.473810155303793, 7.382576846301769
6964.9, -10.978844231339114, 7.382576846301769
6965.9, -10.938006168876507, 7.920004865792117
6967.0, -10.788755840143661, 7.763937141470308
6985.4, -10.881622004914357, 7.979947282448712
6990.7, -10.866622164677079, 7.928318712525455
6991.4, -10.803592316774527, 7.7915971732574905
6992.7, -10.721001330255202, 7.669102323518775
7006.4, -10.843996946706982, 7.82819585094
7006.8, -10.749841678922854, 7.684315397451069
7007.2, -10.626686383966982, 7.541963549674462
7023.7, -10.814093651399784, 7.776760539808557
7024.3, -10.713017363806244, 7.638188319404758
7044.2, -10.847100045413697, 7.904744814127241
7045.6, -10.78860277176505, 7.782479749551538
7065.1, -10.94446388385646, 8.036193281149076
7103.6, -10.691132344701323, 8.036193281149076
7132.1, -10.471960724086642, 8.624929705855887
7151.1, -10.375844766618675, 8.683056976931683
7151.7, -10.575818234362375, 8.551645162571763
7152.2, -10.720816545930715, 8.416233231514395
7154.7, -10.798280223009634, 8.305708353508258
7155.2, -10.849475261051769, 8.166668204823733
7155.8, -10.854852305326709, 8.025674023602312
7156.5, -10.753067075726106, 7.866329025355727
7157.6, -10.721920618618935, 7.748110978167172
7158.5, -10.629209643326872, 7.616174064603753
7196.4, -10.804904845880504, 7.616174064603753
7197.7, -10.82273581401974, 8.062523673885494
7198.3, -10.802194522582043, 7.9224403846930755
7198.9, -10.744251850548618, 7.7819868513442305
7214.2, -10.832230495238905, 7.944849277770939
7214.7, -10.775611832026994, 7.802481364954235
7215.2, -10.685174938135777, 7.66044122723697
7215.7, -10.567466853978244, 7.5210615081823455
7225.7, -10.651111070157928, 7.616648368590196
7226.3, -10.527938333599886, 7.480112786417166
7227.7, -10.407996650980312, 7.366959412455222
7228.5, -10.255854935618437, 7.239773658642839
7244.9, -10.501476434702953, 7.510740513926931
7245.3, -10.364739074572034, 7.370144708801205
7245.7, -10.206483691469307, 7.231049299712525
7250.3, -10.193637752057452, 7.2205116063513834
7250.8, -10.012584193451694, 7.080643240785327
7258.8, -10.153339404345132, 7.188045505695895
7259.3, -9.977131488563984, 7.054834071009598
7267.2, -10.088962211490287, 7.1506723113589
7292.8, -10.595649544279617, 7.1506723113589
7293.3, -10.495592412224958, 7.5353708962425685
7293.9, -10.372539324012237, 7.399687576907869
7294.5, -10.228912027008588, 7.265801432953736
7295.1, -10.068510048511788, 7.134155470193646
7296.2, -9.910212066222254, 7.016162949344242
7320.3, -10.44835367436412, 7.533984717169875
7320.8, -10.329669753515134, 7.395669927965507
7334.7, -10.486497160583767, 7.58651691486595
7348.2, -10.555536453985777, 7.726922692482459
7367.7, -10.611144190072636, 7.9503316752286715
7369.2, -10.592546253197206, 7.828935908657755
7369.7, -10.536599132500285, 7.687863089038455
7370.3, -10.450929324096492, 7.550768722749949
7370.8, -10.336850305347353, 7.412385595547181
7371.4, -10.200527126163315, 7.276134063692797
7393.7, -10.517238917426273, 7.672887260804399
7403.5, -10.543940005805556, 7.728123102795211
7403.9, -10.465529865665989, 7.5863378167436855
7407.9, -10.423898384292228, 7.527498360105871
7419.5, -12.243547158258165, 7.527498360105871
7420.1, -12.059538113913737, 8.07123936561284
7421.0, -11.865849591478732, 7.9371378712914336
7422.0, -11.66559100307432, 7.810820817957286
7453.7, -12.454409500156741, 7.810820817957286
7455.4, -12.339481040953572, 8.301924033778349
7477.0, -12.560651025504711, 8.56992585965492
7477.6, -12.457762872861599, 8.426371087427064
7494.9, -12.573781296142691, 8.593537426736681
7495.3, -12.474226618361714, 8.44621113850543
7533.1, -13.105273451386697, 8.44621113850543
7533.7, -13.088819783003526, 8.883004353003843
7534.3, -13.021979546426683, 8.738575727520104
7534.9, -12.911824857987227, 8.594034859732352
7559.1, -13.081260107889635, 8.859767425964876
7570.8, -13.064388561938914, 8.881373155619915
7572.9, -13.014434211663895, 8.761385684321942
7573.7, -12.916751141323822, 8.620457819456714
7574.1, -12.774534304631285, 8.472271593528106
7592.8, -12.947815345933904, 8.673494912034286
7593.4, -12.824732132728503, 8.529110474605115
7594.1, -12.66950129591766, 8.387308120765924
7595.2, -12.57063358887327, 8.27804264642334
7596.1, -12.367884779425715, 8.142207131991059
7596.9, -12.147257138223669, 8.008027654779596
7597.6, -11.908331833664725, 7.873580918144869
7598.3, -11.657975480683467, 7.741378524481617
7627.2, -12.705582707821664, 8.378521162891728
7627.8, -12.508943339111221, 8.235099187341978
7628.6, -12.29938885802768, 8.099287198057837
7630.1, -12.106574596251415, 7.984442882852862
7630.8, -11.85906298840256, 7.846945879770456
7633.7, -11.744976865326658, 7.786471766711108
7635.1, -11.538126458412801, 7.680551308065935
7731.7, -14.349606721785547, 7.680551308065935
7762.3, -13.587127974277093, 9.6847032230428
7763.7, -13.787544578979244, 9.562150315383679
7768.7, -13.900843068006052, 9.477230243732212
7769.3, -13.949959746556782, 9.334300220763788
7776.1, -13.951058168645764, 9.271388919276589
7797.6, -13.936993865841112, 9.271388919276589
7809.6, -13.938237143005344, 9.392122364531234
7810.1, -13.948353992319129, 9.246773929567688
7810.5, -13.8978815891259, 9.098597742079555
7811.0, -13.795679963880355, 8.951057363789776
7844.6, -13.951967392333682, 8.951057363789776
7845.8, -13.928204250631714, 9.167027185044995
7846.8, -13.922710603423441, 9.043076956997416
7860.5, -13.963362610404364, 9.106080902283422
7883.9, -13.877309197518922, 9.106080902283422
7885.2, -13.846734102693349, 9.122724507696
7890.4, -13.809583512971676, 9.047541313251216
7892.5, -13.723071404653801, 8.926663607532424
7934.6, -13.578601730657796, 8.926663607532424
7936.3, -13.60843216636128, 9.191381518217996
7936.9, -13.584201275929544, 9.044910644160895
7968.1, -13.580428136687328, 9.316108722665257
7968.9, -13.608621465323129, 9.174251429071273
7970.1, -13.437253882507393, 9.002700661093714
7970.9, -13.47513350548468, 8.887598707236133
8018.5, -13.4574825058048, 8.887598707236133
8030.1, -13.469692125410786, 9.366081556422381
8030.2, -13.532564079100808, 9.217742633707946
8030.6, -13.528858355160288, 9.071080295693605
8032.1, -13.478044505191262, 8.940064481233174
8051.8, -13.531860398549545, 9.085594822532634
8053.1, -13.389214301589208, 8.926798541820018
8054.1, -13.308352675970669, 8.790300221683841
8054.9, -13.173696605816852, 8.647542577656381
8071.9, -13.31651187028235, 8.806422746966705
8072.3, -13.182498920676851, 8.656047787674412
8110.3, -13.204154755593997, 8.656047787674412
8130.2, -13.176992477529447, 9.17563002847947
8130.7, -13.20535064541079, 9.031530936289386
8147.3, -13.1441799231571, 9.031530936289386
8147.9, -13.14700568565274, 8.950893034757927
8148.5, -13.096916939597977, 8.80663236516888
8149.1, -13.000866610916868, 8.661992147154745
8187.1, -13.160137005068059, 8.661992147154745
8187.7, -13.163677063217095, 8.958654850401995
8195.7, -13.156794735289038, 8.925817059201517
8198.2, -13.112688274452477, 8.811593487929398
8198.7, -13.014751856832246, 8.665170708014173
8199.2, -12.876170967600443, 8.518538387592894
8199.7, -12.703520509320294, 8.37254594601006
8200.1, -12.483316541702104, 8.214667260640507
8208.5, -12.553355819517146, 8.262465601954267
8209.0, -12.33427552337749, 8.118526274694393
8229.9, -12.81031605543066, 8.118526274694393
8239.3, -12.877240075711917, 8.506540535141438
8246.2, -12.862304317685261, 8.493161565918152
8246.8, -12.682250692863601, 8.347451317458965
8247.2, -12.469317593599834, 8.199078403845846
8247.6, -12.23501272778044, 8.053356137908116
8248.1, -11.987585010390337, 7.912334415972522
8267.0, -12.575986138044227, 7.912334415972522
8267.7, -12.358377238079546, 8.128276872977787
8269.0, -12.157764038325189, 8.008140006434466
8269.8, -11.922185216553006, 7.876717422087901
8281.5, -11.955219956406594, 7.964303801794451
8281.9, -11.715052479709454, 7.817685243572809
8306.2, -12.40460161594168, 7.817685243572809
8306.8, -12.225799433924204, 8.1497342521007
8307.7, -12.035649376957885, 8.016689497946508
8308.7, -11.826004862815052, 7.883810474765749
8309.6, -11.608456381132113, 7.756324625958306
8310.3, -11.370812101056021, 7.625747363752999
8311.1, -11.123207594014566, 7.4969203881550515
8313.7, -11.018027254718966, 7.444000079967749
8314.3, -10.759596964875486, 7.317756235513665
8315.3, -10.535957357772848, 7.2122083800422105
8316.3, -10.294301005285352, 7.101392066967803
8317.1, -10.052438619918927, 6.993374562554093
8340.2, -11.623577759164492, 7.762085106171899
8340.8, -11.379171616589542, 7.628231229664702
8368.2, -12.354449878067589, 8.241502118879867
8371.8, -12.260671475718464, 8.168750060674464
8372.4, -12.06031070920187, 8.027942757578515
8373.0, -11.840991909006078, 7.889122496172873
8394.3, -12.28302315374319, 8.242842392599414
8395.6, -12.12607701278932, 8.115769662814502
8402.5, -12.143134414449415, 8.128781526795319
8403.0, -11.937780899078902, 7.9813750596266635
8433.0, -12.454679651201586, 7.9813750596266635
8434.4, -12.376968305923922, 8.357023820627708
8435.3, -12.23212236659974, 8.21918196860822
8436.1, -12.061804079243105, 8.082417394522507
8436.8, -11.867250978336253, 7.945078622022121
8437.5, -11.655649942399414, 7.809983021188015
8441.7, -11.600632601704962, 7.7766495997166025
8442.2, -11.361998837657206, 7.63860733395756
8442.7, -11.110292871678796, 7.502059643460274
8443.3, -10.85983249706716, 7.373115042479413
8443.8, -10.597890602936998, 7.244022991964437
8444.3, -10.33344691804154, 7.118514341363291
8444.9, -10.078897557581557, 7.001491449619025
8487.9, -12.25644740559786, 7.001491449619025
8488.5, -12.082472101438155, 8.098019115940353
8518.6, -10.50817236676706, 8.098019115940353
8519.1, -10.500104997062538, 7.81839393104666
8519.8, -10.456093297276222, 7.682061026436868
8521.0, -10.388422145541478, 7.557600779960823
8552.7, -10.49922248176533, 7.557600779960823
8553.4, -10.508743494550128, 7.881872967050214
8554.7, -10.484594357851979, 7.757552582310447
8555.6, -10.428923933431777, 7.626469116988066
8556.3, -10.341876988510007, 7.490223793688991
