195.0, -7.199266097898357, 10.0
197.4, -8.0439403231703, 10.0
219.8, -13.660911194764571, 10.0
233.3, -15.502748330788037, 10.0
242.9, -15.9313535340603, 10.0
249.6, -16.453454121435012, 10.0
256.5, -16.68497611313381, 9.35905249043513
257.2, -16.174766778503415, 9.22486159755945
267.3, -16.80586955712197, 9.391092382017161
268.5, -16.35375121830492, 9.27176063348265
272.8, -16.01361287855591, 9.27176063348265
286.5, -16.957651236489255, 9.435833580792337
287.1, -16.450033097954705, 9.295050281014909
289.5, -16.151611629641312, 9.213358235376045
295.7, -16.301014558141866, 9.254168036481575
341.9, -18.833276856366933, 9.254168036481575
342.7, -18.4241863970766, 9.919575314438235
343.3, -17.980380716511355, 9.770777249833053
353.7, -18.15534961359456, 9.828466907178923
354.3, -18.21117986934156, 9.828466907178923
356.1, -17.321710145671407, 9.828466907178923
366.0, -18.068490182947176, 9.828466907178923
390.7, -19.57060331987967, 10.173332011587457
401.0, -18.410953432704314, 10.173332011587457
402.0, -18.021409304934497, 9.818579726954018
413.8, -18.215920317087576, 9.88820990141801
419.2, -18.060356061125326, 9.832351253788456
420.6, -17.677976289198863, 9.700293245079962
428.4, -17.699272224983556, 9.707479559373155
430.0, -17.321417958187393, 9.582395911489822
441.4, -17.61469010271788, 9.679040868518383
445.9, -18.518878086731984, 9.679040868518383
448.4, -17.117601202455358, 9.679040868518383
455.3, -17.1388445702603, 9.523571940630234
469.0, -18.47391741761266, 9.523571940630234
469.6, -17.258850807210145, 9.523571940630234
497.9, -19.660500646621042, 9.523571940630234
506.1, -18.496041916060754, 9.523571940630234
515.5, -18.525715771555628, 9.983121019943207
516.1, -18.107776291335114, 9.83364830052722
521.1, -17.93671892344693, 9.775122235007409
542.6, -19.796744489933104, 9.775122235007409
582.1, -22.97062186214293, 9.775122235007409
608.5, -23.447693056840556, 9.775122235007409
613.6, -23.18062901392731, 11.04588320867557
618.9, -22.909207890903744, 10.95613254658014
624.6, -22.649880403116605, 10.875361747564405
633.1, -22.522734737812403, 10.875361747564405
636.4, -22.142878345041566, 10.875361747564405
657.6, -12.496431890102745, 8.93661839544191
668.0, -19.22387375143588, 10.322075727573479
672.9, -20.214426441074536, 10.43726906010113
676.7, -21.965115358923015, 10.677689945709076
691.5, -12.527556700563288, 8.812801181557997
716.8, -19.374375117637566, 8.812801181557997
732.9, -19.46002255906896, 10.454796705140149
737.5, -19.291432299573376, 10.357597392290737
743.9, -19.157477814739067, 10.288589625631323
749.0, -22.075473718918612, 10.288589625631323
750.3, -18.655383538379983, 10.288589625631323
751.3, -18.288161156837223, 9.922254967777421
783.1, -19.43630416748378, 9.922254967777421
783.7, -19.93479885387554, 10.333572007783767
784.3, -16.560958052466688, 9.592344382201336
784.9, -18.28131349237039, 9.881081728211083
792.2, -18.97820379245537, 10.01676111644832
806.6, -16.45664870083104, 9.537710037612985
809.8, -18.07650578067043, 9.537710037612985
817.6, -18.05867830914067, 9.830281380547639
821.2, -17.804255181498075, 9.74194849303519
826.6, -17.66955795385456, 9.69634524374554
828.5, -17.48252393470638, 9.69634524374554
838.7, -17.70591319704267, 9.68921773007812
840.6, -17.161879755816802, 9.68921773007812
877.5, -19.449457838946312, 9.68921773007812
884.2, -19.318908967559604, 10.178598351550994
892.1, -19.24870651873593, 10.15350956753837
892.7, -18.256455497222703, 10.15350956753837
893.9, -18.385480670615078, 10.15350956753837
899.0, -18.217899339935055, 9.813802667540704
904.0, -18.054794517783037, 9.763517001927763
907.9, -17.693814479203784, 9.663297964932847
910.1, -17.118515204073336, 9.503129942524135
916.2, -17.097912280724817, 9.496814025823603
922.0, -17.053915571591226, 9.483355597996304
928.8, -17.090819279843068, 9.494641651875991
930.1, -16.67505863203417, 9.368960481291712
933.7, -16.709044484988592, 9.368960481291712
945.2, -17.10402437994451, 9.490880000117409
945.8, -16.49016129713705, 9.490880000117409
961.3, -17.304659235833842, 9.560606328839024
966.2, -17.309705997573253, 9.560606328839024
968.6, -16.973029677280067, 9.451892216538164
972.8, -16.776094761383295, 9.451892216538164
974.3, -16.387974118236745, 9.451892216538164
976.8, -16.076226363903967, 9.451892216538164
1001.7, -17.749963655845235, 9.690430171671677
1005.5, -17.54250857385621, 9.690430171671677
1013.3, -17.25076455950267, 9.562039393467323
1019.6, -17.551664821623593, 9.562039393467323
1024.5, -17.072540445750345, 9.562039393467323
1059.2, -19.059825011086716, 10.131110667061412
1090.6, -19.48678044560608, 10.394309970339839
1091.4, -21.55016117833, 10.64788426080676
1096.2, -21.30781739491763, 10.568492426097645
1101.1, -21.031968444262265, 10.48762946590762
1102.1, -18.51107337176074, 10.48762946590762
1104.2, -18.180307471077505, 9.842155259545953
1109.0, -19.783521293553985, 10.150223043058734
1110.4, -19.284993950751282, 10.02012041753428
1111.0, -14.371144272374167, 8.788158428295173
1122.4, -17.49826095320838, 9.620225547346216
1123.0, -18.585279456403686, 9.842107741329166
1128.9, -14.671472986002552, 8.857009013399077
1143.2, -17.94142546241623, 9.72914349278564
1166.7, -18.576848701626723, 9.978027945854622
1185.0, -19.623469100831837, 9.978027945854622
1189.2, -19.36678990898537, 10.16281290524156
1199.8, -18.84267907301305, 10.075333289408377
1203.0, -16.018992271416575, 9.432008818049304
1223.6, -21.53817642896494, 9.432008818049304
1244.1, -22.06808939770515, 10.754774047357904
1245.4, -17.7100425349842, 9.918246286844324
1267.1, -22.13139780953239, 9.918246286844324
1268.3, -21.663197503720728, 10.638136914591295
1274.8, -17.68677826898989, 9.895467279593843
1276.6, -19.02969172477709, 10.088735350061183
1277.4, -18.629056060806903, 9.948802744507196
1278.9, -19.97119434664496, 10.180192536024224
1283.0, -17.966004341860565, 9.741888142535464
1291.2, -19.758339618476903, 10.127658750330507
1293.2, -19.300174702635182, 10.013129415768777
1314.6, -20.514402793894988, 10.013129415768777
1315.2, -18.16492536519137, 9.80372425707621
1332.3, -18.77741377352937, 9.997787157376857
1332.9, -18.27092666069043, 9.838663006117926
1345.6, -20.347758873222812, 10.285298369455317
1350.3, -18.22646838450115, 9.840629849240564
1359.2, -20.11970250996601, 10.229737315489794
1362.1, -19.734063135985867, 10.129253838907477
1364.5, -17.689088163664355, 9.665462762602944
1368.6, -17.43428478574596, 9.590676783420697
1373.9, -18.94194181206922, 9.928355836784597
1400.5, -20.21788032175129, 9.928355836784597
1403.8, -17.889500420212677, 9.78321308008678
1406.8, -19.400868257555324, 10.065860171933123
1420.5, -18.026227777367357, 9.821910850900009
1421.6, -19.38274251254672, 10.057856685688092
1430.6, -19.50525122947039, 10.090872388180287
1434.6, -19.22968584544293, 10.016925032646347
1442.3, -19.26914115133047, 10.027444371627814
1442.9, -16.99444115016125, 9.48458817586239
1443.9, -18.133523188150953, 9.73259983680724
1444.5, -17.559355472977884, 9.586496678861979
1455.7, -18.15613730471199, 9.738403271869386
1456.3, -16.179900005370975, 9.227320104790214
1473.7, -18.286121717792227, 9.789616491929898
1482.2, -17.17079302339048, 9.543849715150882
1484.9, -18.529778903248896, 9.835598065061447
1489.6, -16.30614657938252, 9.296368917441267
1496.4, -17.640633461491376, 9.625954189897602
1533.1, -19.589519674949, 9.625954189897602
1547.5, -18.098227845620038, 9.987553276099673
1551.1, -20.46252001610684, 10.37509742327559
1553.8, -20.082257298692948, 10.262814583838392
1558.6, -19.838462215242632, 10.192987926397242
1563.9, -19.63636574761114, 10.136156913360955
1566.7, -19.26101846739033, 10.032726760621735
1578.9, -18.929048339842105, 10.032726760621735
1603.5, -19.852120411654468, 10.287113259267484
1605.1, -18.171466053871026, 9.903660306535757
1617.2, -17.53476137360155, 9.802705404167092
1617.8, -19.148200205373136, 10.059313057659518
1622.2, -17.716486793494155, 9.735909494791013
1640.5, -19.723077359766712, 10.215138471007272
1659.1, -19.99452934742204, 10.215138471007272
1661.8, -19.65533135745117, 10.221049717185988
1662.4, -17.202572058453896, 9.661362918350449
1666.6, -19.122450474979452, 10.03202052845841
1672.0, -16.78117325871325, 9.511197052889512
1685.8, -17.316790170314754, 9.682964797081649
1689.3, -19.16674245477541, 10.03458431501579
1700.0, -19.36125753860811, 10.0914680637439
1719.5, -17.578682095080485, 9.82333844937927
1735.6, -18.265992841185724, 10.022134421359592
1737.1, -17.559741944518926, 9.805392502914065
1751.6, -19.909841121124526, 10.301647560513391
1752.2, -18.02889106002892, 9.870146934950695
1766.0, -17.443336348294782, 9.795816301458064
1771.7, -17.226660639602173, 9.717929679622355
1772.9, -19.073620468022742, 10.035587182958961
1800.7, -20.09154098620278, 10.369182225539328
1804.1, -16.96934510146769, 9.716211519034344
1822.8, -19.661723035655644, 10.314998804594383
1823.4, -17.08115118495535, 9.73433441284786
1827.5, -19.14766323586895, 10.101685821772072
1828.5, -16.478855297852785, 9.478334985915915
1834.3, -18.444175534028048, 9.888305007557914
1836.5, -16.235174433841156, 9.350935512806924
1839.2, -14.569279090831579, 8.88469406847665
1852.7, -18.63546201299913, 9.906461695464998
1866.0, -16.392599405895513, 9.459541992650951
1866.6, -15.117928023214036, 9.079877460355
1873.6, -16.03766747237016, 9.305455317855616
1880.6, -15.300253145782055, 9.120694713051867
1891.7, -17.070961325880724, 9.577059602724157
1895.9, -18.687830771107794, 9.907624644249472
1896.7, -16.420849438620113, 9.348475686171824
1900.8, -17.90741909345381, 9.690661196839573
1904.0, -17.626465667740497, 9.613039088227946
1917.9, -16.544245496218913, 9.393579350896015
1921.8, -16.071529299921675, 9.255427610488086
1925.7, -16.061605418496065, 9.233810325080361
1949.5, -19.11996249663539, 9.233810325080361
1953.1, -16.700175385569374, 9.488156091948422
1962.2, -16.646288477886124, 9.488944379621616
1968.4, -18.65723985739366, 9.917937355572409
1979.6, -18.892350600915407, 9.989423065337144
1980.2, -18.39892385779874, 9.84102133885572
1980.8, -17.888878114988344, 9.693178902917287
1982.4, -17.456464627859543, 9.571131229406506
1999.0, -18.13574341812367, 9.571131229406506
2002.6, -16.36433882109659, 9.342257375809671
2003.3, -15.536792144150695, 9.08797067150945
2067.0, -18.773380952636522, 9.08797067150945
2082.8, -19.10561855466686, 10.390458977516317
2084.6, -12.757916328384308, 8.979536600932427
2108.4, -20.04167480679361, 8.979536600932427
2109.8, -18.92612497673152, 10.27761001763784
2137.3, -18.434053246138074, 10.34382267272834
2141.0, -11.660372069141202, 8.812249325084164
2147.3, -18.25942337695011, 10.169194050645492
2165.0, -12.335135048775026, 8.992850102302905
2172.9, -18.51904612724337, 10.234204644560165
2174.6, -12.314292679856003, 8.788983917005138
2179.8, -18.13551840081894, 10.018249982315622
2191.4, -20.35225487114956, 10.430593628937386
2208.0, -12.306313007144047, 8.818596067306844
2208.6, -18.05665637200726, 9.979994699883495
2277.9, -19.835019308220264, 9.979994699883495
2288.5, -18.556544031540767, 10.58058397144112
2292.9, -18.526177037794266, 10.473918281411736
2302.5, -18.497167189825433, 10.424689410362792
2309.9, -19.142619185786543, 10.471174729919518
2330.3, -21.50094233637015, 10.471174729919518
2330.9, -11.364091399163872, 8.795231683513492
2333.6, -18.58663874124487, 10.231275945872833
2338.0, -11.567652508421476, 8.60646489571179
2345.2, -18.0886869325818, 10.039929649881268
2347.9, -17.85882639500674, 9.92332493052003
2352.9, -11.270754447797794, 8.277722048169837
2355.4, -17.1764265231533, 9.678178673903645
2365.2, -17.226220511364307, 9.69997706648207
2376.2, -17.318185925222476, 9.69997706648207
2377.6, -17.00748212131434, 9.60633398801383
2380.5, -16.990182740185208, 9.557683781847885
2387.0, -11.18916487304416, 7.983403903883728
2397.3, -17.082089528868796, 9.591972784784168
2410.7, -11.134845743087174, 8.10010241068354
2420.7, -17.99386575020151, 9.848007059553622
2424.5, -17.759667873505506, 9.760898871989477
2425.1, -17.01681578748202, 9.538227433409958
2428.1, -18.435796700401287, 9.831280548402617
2433.7, -10.0, 10.0
2435.1, -16.29423889993458, 9.288745081989951
2452.3, -17.338125262305454, 9.288745081989951
2472.8, -17.683592450133187, 9.792424006264108
2481.0, -11.586439532453692, 8.273985197939304
2483.0, -17.133079581602107, 9.614158804940951
2489.0, -16.64099077735422, 9.487018501083261
2501.9, -17.61331347994513, 9.746045400556838
2506.3, -10.964935538924543, 7.967946206929698
2509.2, -17.143294446059734, 9.572131951729007
2515.5, -18.82201659150407, 9.93410372420947
2519.5, -18.572485195513295, 9.864343025331216
2524.5, -18.39378795799446, 9.814986131131908
2528.2, -10.78583460153826, 7.672296919736642
2560.5, -16.950555663498765, 7.672296919736642
2564.6, -16.856547405519763, 9.605462078760391
2567.9, -18.562379869601067, 9.924454970578758
2589.1, -19.25136732578261, 10.157479927644731
2596.6, -19.167734891006827, 10.127831327903072
2599.3, -11.183758919848565, 8.134883327655086
2602.1, -16.83685178381263, 9.546653925050235
2625.0, -18.21852219100431, 9.968529944841976
2626.2, -11.125075776838136, 8.133742553826462
2641.2, -17.375131628495, 8.133742553826462
2656.6, -17.88238994783276, 9.942633713585915
2659.8, -19.703720247744997, 10.232165446738064
2661.2, -19.281458438179843, 10.09706006434891
2667.8, -19.15664773045153, 10.058424984799052
2676.7, -2.8063587010777358, -12.418863840244606
2677.3, -23.603350548097158, -36.69511770814405
2677.9, -24.302715857446113, -36.52472805292009
2678.7, -27.002103565906193, -38.75383456269708
2699.3, -22.729015954031343, -35.882258357715685
2700.0, -21.278125131283485, -33.23744097298015
2703.9, -20.528380568528316, -31.948506847678367
2716.6, -18.75283506801853, -30.722939472953016
2718.6, -19.379478236550465, -30.73064816401526
2729.7, -18.993872344957477, -30.886623725017515
2730.3, -31.04216771930243, -43.80089599694892
2736.9, -25.59533054598445, -37.60143958293155
2743.5, -23.8779120685768, -35.64217511266871
2753.7, -5.761832581728828, -14.478294945587725
2765.8, -21.33331916581448, -33.95436345717149
2766.4, -30.269937228451084, -43.25289968662496
2774.5, -5.834821495971385, -14.550645762822809
2786.4, -18.205428689235436, -30.250699563929903
2790.7, -19.074386739418077, -30.84105655619235
2797.9, -20.649895574286816, -30.84105655619235
2830.4, -12.121985232479158, -30.84105655619235
2835.7, -14.846644463321423, -30.84105655619235
2857.1, -11.474444244962172, -26.07069330769255
2857.7, -12.638648057757038, -26.07069330769255
2858.3, -15.011843591462544, -28.041326554137374
2880.8, -11.33808806282521, -25.307365929690988
2887.3, -12.326983986589891, -26.105006200504228
2895.0, -12.84875890556207, -26.50981085928505
2903.4, -14.54284512444571, -26.50981085928505
2904.3, -15.371167192827613, -26.50981085928505
2910.9, -15.87821912534443, -28.712695579929107
2922.5, -14.984406889193504, -28.082633169513937
2935.5, -20.566259485828844, -28.082633169513937
2939.6, -21.948403170148953, -36.250294384918426
2942.7, -16.589317732752587, -36.250294384918426
2952.9, -15.997011911545343, -28.795575619655413
2962.3, -15.67910438364748, -28.573363781145975
2974.5, -14.757985024534042, -27.95921697385582
2975.1, -23.80395366416716, -27.95921697385582
2993.8, -14.035701923747546, -27.95921697385582
3017.0, -10.050933831127516, -24.23747485798683
3033.9, -7.635143050786521, -21.816023422278214
3050.3, -5.153812542475809, -19.131314763289527
3052.9, -16.86957743582109, -19.131314763289527
3057.7, -10.989965644359888, -19.131314763289527
3058.3, -21.052063488880968, -19.131314763289527
3068.1, -20.882700288982278, -35.90574408053167
3083.1, -19.310861944334423, -34.82961149401331
3085.2, -13.982133958762528, -34.82961149401331
3090.6, -14.944808577826766, -28.10305204644597
3091.2, -24.770245658287752, -28.10305204644597
3101.7, -16.399231349139615, -28.10305204644597
3102.3, -18.44708071245177, -30.527112136132402
3110.3, -26.743983637019934, -30.527112136132402
3125.1, -24.505873358573993, -38.69369370769987
3126.5, -18.13618086386208, -38.69369370769987
3135.4, -17.73984792711572, -30.058296919528967
3157.0, -13.9734165359585, -27.4128137394922
3161.5, -15.194406841899628, -28.293226955934408
3171.0, -23.064491468973742, -28.293226955934408
3171.6, -17.11792601488266, -28.293226955934408
3184.8, -15.670253345414407, -28.62889878830447
3190.1, -23.291791009042413, -28.62889878830447
3200.6, -22.595284089460396, -36.69315258856367
3221.2, -19.63530082153329, -34.90193475678955
3223.3, -14.397268716246414, -34.90193475678955
3241.0, -11.969587797914174, -25.7966906948572
3244.7, -13.614361802275736, -27.061478498710127
3249.0, -22.097238284845755, -27.061478498710127
3252.0, -23.7098176784473, -37.60578742136493
3256.0, -24.914599675046368, -38.42772366318128
3256.6, -27.136826033518723, -39.959702709723956
3260.9, -20.271787063169022, -39.959702709723956
3268.8, -19.807617219983495, -31.31270510586114
3291.0, -22.91192506774813, -31.31270510586114
3296.6, -23.695967395464486, -37.596362937496906
3297.8, -18.168581228739836, -37.596362937496906
3300.1, -19.59522957529977, -31.168498717021503
3305.4, -27.87577931569698, -31.168498717021503
3308.2, -21.196486118995328, -31.168498717021503
3324.2, -18.33168111541643, -30.2775669792392
3331.2, -24.37256893960782, -30.2775669792392
3332.4, -20.13928644967761, -30.2775669792392
3345.1, -18.501278058561365, -30.42955438105842
3346.7, -20.104434982934723, -31.518109450051494
3352.9, -24.595835894792945, -31.518109450051494
3354.5, -21.74358765361749, -31.518109450051494
3366.1, -20.12523934191337, -31.532248270300773
3386.2, -20.526475618973226, -31.532248270300773
3391.2, -17.16095988878582, -31.532248270300773
3404.1, -15.776108370299426, -28.535710291398118
3405.7, -22.198931493819988, -28.535710291398118
3413.1, -17.3168513115341, -29.434856162715707
3418.8, -16.26347594399102, -27.939768167176823
3423.9, -23.47799450222706, -36.03456992387337
3437.8, -16.88983240866462, -36.03456992387337
3471.8, -13.362286306442662, -36.03456992387337
3486.2, -12.248716355699138, -27.57056871823739
3488.7, -10.628391843221193, -24.46505239463713
3493.8, -9.360909843838757, -22.2410199361695
3530.3, -5.470121100832319, -22.2410199361695
3539.2, -4.855027071753294, -19.321185140038377
3579.5, -4.640087440544438, -19.321185140038377
3587.6, -3.6382678036115883, -19.321185140038377
3594.0, -5.45046302147912, -19.321185140038377
3632.2, -2.2489036807584246, -19.321185140038377
3640.1, -2.8817779435265933, -22.476689855522032
3681.8, -0.949019552239344, -22.476689855522032
3690.7, -1.108083889146805, -24.006303565300218
3696.0, -4.6146337227778815, -24.696684422755744
3702.0, -0.8300061139588133, -20.291331252623554
3708.5, -4.24816488871457, -21.770514219338395
3709.7, -4.915055156408421, -20.330495177536
3710.7, -7.614258547638307, -22.22628301800671
3724.5, -4.901409121139517, -19.038594390968974
3734.2, -3.367363511363613, -17.49145627970618
3746.8, -5.326989754805006, -19.25460152391022
3747.7, -10.363454264656976, -24.762413872108027
3777.2, -4.9049197996492735, -24.762413872108027
3781.3, -18.04408777277637, -24.762413872108027
3789.6, -7.583872266312208, -24.762413872108027
3800.0, -7.98204592450454, -22.418205343445532
3803.3, -10.736053876957854, -25.091132983327448
3805.9, -12.951148017937857, -26.897817611049792
3808.6, -26.888029019263058, -26.897817611049792
3823.0, -25.758923416448088, -41.94958290363589
3825.1, -27.93430083857187, -43.4319513784368
3836.8, -14.57231811869288, -43.4319513784368
3864.0, -23.291061032916968, -43.4319513784368
3882.1, -5.34175317249141, -43.4319513784368
3890.3, -7.738619075001312, -22.166568905115568
3900.1, -18.472180879551363, -22.166568905115568
3909.8, -18.844128474214237, -35.83629151775358
3926.9, -5.3869114333042205, -35.83629151775358
3928.5, -10.368761238632677, -24.84499517897007
3945.9, -18.152139112438928, -24.84499517897007
3948.5, -10.915434065478163, -24.84499517897007
3952.3, -22.280787633523946, -24.84499517897007
3952.9, -24.879755459712577, -40.02796027014321
3954.6, -17.187866282804894, -40.02796027014321
3979.6, -27.153838894777927, -40.02796027014321
3998.9, -24.584465658110748, -42.364490932054316
4005.8, -25.65727368198129, -43.09106125397969
4029.8, -5.3107714194225135, -43.09106125397969
4030.4, -10.20198211534739, -24.682012344414215
4031.1, -13.065418917332682, -27.05549639012767
4032.0, -30.443177419857957, -27.05549639012767
4049.1, -23.83076566407219, -39.85459281320668
4050.1, -15.520688690522217, -39.85459281320668
4052.2, -17.294408299989954, -30.0913523563692
4054.0, -19.013593209734374, -31.26450702201006
4059.1, -19.707783285432093, -31.735851134476867
4059.7, -33.3943478436257, -31.735851134476867
4062.3, -22.86428861470486, -31.735851134476867
4064.3, -24.166593583314835, -34.792049841534876
4066.6, -37.77811879430755, -34.792049841534876
4075.1, -24.297080757762004, -34.792049841534876
4082.0, -24.011524273523925, -34.73439466819716
4082.6, -25.777831020357738, -35.974334701459206
4089.4, -25.257185842734252, -35.60641673919997
4104.8, -32.49405221146414, -35.60641673919997
4129.5, -17.075539504085825, -35.60641673919997
4131.3, -18.838913344492997, -31.287785771849354
4140.9, -18.275153014751943, -30.903927411114253
4141.5, -30.070002490079432, -30.903927411114253
4152.2, -28.90069199272244, -42.703572517597756
4153.9, -20.914194047263837, -42.703572517597756
4165.6, -19.53323970184313, -31.759473749020625
4168.2, -30.741990356473387, -31.759473749020625
4181.8, -18.997170642473428, -31.759473749020625
4183.1, -20.76826664958298, -32.598203190615095
4211.1, -14.77102491710084, -28.364812892459966
4227.6, -12.750846515217779, -26.85448558310932
4253.4, -7.517959103621673, -22.02742654008216
4259.4, -9.666608388617437, -24.26320223932307
4264.1, -11.552091110712622, -25.932313416184556
4271.5, -21.973414756476796, -25.932313416184556
4277.0, -13.576083093417699, -25.932313416184556
4281.7, -14.872383665353052, -28.4812458784822
4292.9, -14.294913545761734, -28.05353715331313
4296.9, -15.708199330203868, -29.06851906661547
4304.6, -26.41831079324575, -29.06851906661547
4315.7, -26.384645976632594, -41.81562973376037
4337.1, -22.797409954360365, -39.380402191466004
4340.6, -13.53195098102001, -39.380402191466004
4346.2, -25.771092980151032, -39.380402191466004
4347.2, -28.20292259535927, -43.06051226966197
4351.6, -29.399569734231285, -43.88752719053971
4361.2, -17.291600909695514, -43.88752719053971
4381.5, -14.084253527253322, -27.8509915863511
4387.2, -25.053951512978003, -27.8509915863511
4389.4, -16.858169541085555, -27.8509915863511
4399.5, -26.527364753518388, -27.8509915863511
4404.4, -17.319546005192272, -27.8509915863511
4410.7, -17.821697379808693, -30.48393091534241
4430.2, -14.682568814745748, -28.287915497685
4447.3, -22.3125034499038, -28.287915497685
4454.3, -23.100131052879902, -39.00261954633908
4479.6, -18.28662423991484, -35.41937944448527
4486.5, -19.417225816587433, -36.213179042067765
4494.8, -21.065958107425708, -37.85285799675677
4498.0, -23.065608023416495, -39.215002596300735
4499.0, -25.566075345919234, -40.91181706003494
4501.8, -16.575297253072176, -40.91181706003494
4503.9, -29.29334056524202, -40.91181706003494
4515.5, -26.74109713533812, -41.10591007869122
4516.7, -28.87794146905876, -42.58264531216689
4530.1, -26.988723636292573, -41.27592444710414
4549.9, -22.800509177216476, -38.0786822895966
4554.5, -24.092846524433448, -38.95561896725084
4557.3, -17.327258099884624, -38.95561896725084
4559.0, -27.817672874234447, -38.95561896725084
4584.3, -21.46361728007029, -36.63133560230881
4588.8, -22.78920092120632, -37.531306656242634
4608.9, -12.272305224838624, -37.531306656242634
4617.6, -19.972943511757666, -37.531306656242634
4626.3, -12.837637122745656, -37.531306656242634
4628.2, -14.930670701721334, -28.400479546452196
4628.8, -24.830815558347734, -28.400479546452196
4630.6, -18.88587653609249, -28.400479546452196
4636.3, -27.28493729419693, -28.400479546452196
4646.4, -18.58312660612667, -28.400479546452196
4653.4, -26.593039670608466, -28.400479546452196
4664.5, -25.501543083673642, -39.37755321260871
4665.4, -19.64532357182066, -39.37755321260871
4699.1, -10.742163231466145, -24.370949668492564
4710.7, -4.249198269305332, -16.106275792191813
4731.1, -2.7115331413416706, -14.860417431235444
4785.2, -4.723031282920915, -14.860417431235444
4791.5, -0.941987026986542, -19.976458785945557
4822.6, -2.2754463806884035, -19.976458785945557
4825.0, -5.1496607306811315, -19.976458785945557
4836.2, -3.7449604368348304, -19.976458785945557
4842.0, -5.799621387351715, -19.976458785945557
4844.5, -4.876255671709846, -19.976458785945557
4856.6, -4.943345545374287, -20.093671750326394
4866.6, -10.611484796733786, -20.093671750326394
4874.5, -5.272734058645664, -20.093671750326394
4877.6, -9.294615808160096, -23.799858103828505
4884.7, -15.416314442235075, -23.799858103828505
4890.1, -12.030204739079812, -23.799858103828505
4906.5, -8.028638656444864, -21.821106550703117
4930.7, -11.03695498926568, -21.821106550703117
4958.2, -4.272691215576562, -21.821106550703117
4959.8, -4.926891266473552, -20.008832523903166
4962.5, -12.85406547076242, -20.008832523903166
4971.2, -13.715062926083226, -29.757639860613867
4979.5, -9.463677421827128, -29.757639860613867
4988.6, -10.030899955676977, -24.49874550421298
4989.2, -12.97798598160029, -26.958825004494546
4999.7, -17.41501648426805, -26.958825004494546
5005.7, -18.417381079715973, -33.167444362545275
5012.9, -14.324001843812548, -33.167444362545275
5017.4, -20.25717642813413, -33.167444362545275
5030.2, -19.11742313777236, -33.649364868861
5036.5, -19.75102028293848, -33.649364868861
5040.8, -21.342018757808024, -33.649364868861
5042.4, -23.27946541461601, -36.582814821776886
5044.8, -24.87403901121069, -37.673278379774985
5052.4, -24.407891394297494, -37.673278379774985
5058.4, -25.117076464112348, -37.673278379774985
5065.3, -24.815099793662576, -37.673278379774985
5070.9, -25.609482835911756, -37.673278379774985
5072.4, -27.371861146861796, -39.40643465786599
5074.1, -28.569157575013403, -39.40643465786599
5088.8, -25.69949430974219, -38.08154688857488
5090.8, -27.238415244635412, -39.15387340501059
5091.4, -29.850703961856986, -39.15387340501059
5094.2, -30.893097297083788, -42.04567876980862
5102.1, -29.315360401445364, -42.04567876980862
5104.6, -30.44617751213846, -41.44118258397398
5123.5, -26.50515705751775, -41.44118258397398
5128.6, -21.288363823532947, -41.44118258397398
5149.5, -22.652882672693185, -41.44118258397398
5151.0, -24.579433808477237, -37.60267379103376
5156.5, -19.647219817836078, -37.60267379103376
5157.1, -21.593019423522566, -32.96380309098901
5158.9, -28.82262817292756, -32.96380309098901
5194.6, -14.714628078357094, -32.96380309098901
5198.3, -16.18809530178813, -29.291053072516462
5202.1, -22.72027315712311, -29.291053072516462
5206.8, -23.71099022310984, -37.00904244919525
5220.8, -21.50524727956399, -35.338339733325284
5222.3, -18.43813927514964, -35.338339733325284
5240.5, -15.70114602860753, -29.001382519491084
5247.1, -20.999834798139002, -29.001382519491084
5247.7, -23.25969722195724, -36.53053867590068
5248.3, -25.399467579306307, -37.99648997244957
5262.1, -18.452977709026246, -37.99648997244957
5294.0, -16.596541667854883, -37.99648997244957
5297.2, -18.442457551401574, -33.24679707837698
5299.7, -15.59383470822091, -33.24679707837698
5301.5, -17.46382242469246, -30.22510363989104
5304.6, -23.73628897444753, -30.22510363989104
5321.5, -21.05002743107668, -35.02928634752707
5328.3, -16.726933763590253, -35.02928634752707
5334.1, -17.39095861858417, -30.17510473892067
5337.7, -18.608824979379058, -31.006878264599713
5352.5, -20.887637947269564, -31.006878264599713
5369.1, -14.133253048871635, -31.006878264599713
5371.1, -20.55594830073479, -31.006878264599713
5376.4, -21.439643680646483, -35.03776462811241
5379.7, -18.19366464950355, -35.03776462811241
5391.6, -17.020853155330474, -29.77658394825964
5392.2, -19.07169174318004, -31.17648601125573
5412.0, -15.795853882735122, -28.988099644995344
5413.0, -17.839570265374178, -30.401260783394132
5417.3, -18.804274753301446, -31.058431239056045
5421.9, -19.599955030694403, -31.598773090308907
5429.6, -19.443666913814916, -31.492682457357123
5436.9, -17.417155831660704, -29.13385019474406
5452.5, -21.4940206704826, -35.04757704949255
5459.3, -11.079715798784239, -22.47234818981604
5475.0, -13.410384689632748, -26.320107800476233
5496.6, -4.183597208149514, -16.076583715816785
5498.5, -14.013719330368652, -27.680434190508084
5526.3, -5.007140810455335, -18.25144487079645
5534.7, -14.067827350500586, -29.808132117359538
5538.2, -4.177719103272676, -16.13856574670357
5538.8, -14.402949020886973, -28.05241421956169
5541.0, -16.258906108511358, -29.37295347000096
5543.8, -15.678285128402372, -27.93510485639696
5551.1, -22.2476051440142, -35.55931201108512
5555.0, -12.601432132991013, -23.65716349728724
5556.4, -20.76705655376853, -32.45326586431149
5577.9, -16.649196959802165, -29.637968671774832
5582.6, -17.61857246053601, -30.305332589568913
5593.4, -16.829248448981275, -29.76253747136264
5603.3, -16.36813058552434, -29.442836266008673
5616.8, -14.896471212265528, -28.336764574442054
5618.5, -21.9295443495428, -28.336764574442054
5634.1, -20.433823979171965, -34.96525482086009
5640.0, -15.646363847250178, -34.96525482086009
5641.0, -24.66029465258432, -34.96525482086009
5641.9, -19.638881943164407, -34.96525482086009
5650.9, -26.219636284053955, -34.96525482086009
5696.2, -8.20437328666306, -34.96525482086009
5700.2, -21.451281539384386, -34.96525482086009
5707.2, -22.382898722831346, -38.86707726518314
5712.4, -23.755432496948206, -39.79867075160022
5713.0, -15.5222699488508, -39.79867075160022
5721.3, -15.66329523610906, -28.943951707358476
5728.7, -15.991026593840804, -29.174278583482636
5729.3, -29.310025199229468, -29.174278583482636
5746.2, -15.605084903927667, -29.174278583482636
5761.1, -13.94227313490368, -27.68330217267458
5765.2, -15.32818042596272, -28.686924851190135
5768.7, -16.73743632754728, -29.673651771606742
5784.2, -21.838702449414143, -29.673651771606742
5786.3, -23.750833280828193, -37.94912518471154
5786.9, -26.057504749092725, -39.52546909290852
5808.1, -15.07070118534942, -39.52546909290852
5809.9, -24.677737969952986, -39.52546909290852
5830.1, -13.730447283980755, -39.52546909290852
5842.5, -20.412276457481987, -39.52546909290852
5848.9, -21.20896243134881, -36.47296734182533
5853.0, -22.69444721296557, -37.481896075489516
5858.0, -23.780678039101495, -38.219271946693894
5864.9, -24.161291081117422, -38.44761108410757
5869.4, -25.279309811946938, -39.21000037486394
5874.4, -18.491914567019414, -39.21000037486394
5891.5, -15.914508112411365, -29.139571053453874
5904.0, -22.72205064435678, -29.139571053453874
5916.5, -1.9460736886467445, -13.10443377501196
5925.5, -14.699344206479005, -28.609222198238097
5934.3, -14.028174726960119, -28.609222198238097
5935.9, -16.88193593060681, -28.609222198238097
5939.3, -18.284681483389335, -31.11848086720043
5943.5, -18.485086676026146, -31.11848086720043
5945.4, -20.937065995845888, -31.11848086720043
5959.0, -18.21594404118841, -31.11848086720043
5960.1, -18.806294475088375, -31.11848086720043
5960.7, -27.12297371026764, -31.11848086720043
5965.6, -21.088951072868745, -31.11848086720043
5975.2, -20.01199199931527, -31.239654017788926
5977.5, -21.266175402001238, -32.094586511310034
5982.5, -28.076926713039015, -32.094586511310034
5998.8, -13.355152505904949, -24.084390635884898
6013.5, -22.47916424823367, -24.084390635884898
6021.8, -17.565717958227644, -24.084390635884898
6025.3, -18.777217313630814, -30.983031382311957
6027.1, -20.367042498957467, -32.06260870793399
6031.1, -26.253054479385398, -32.06260870793399
6031.7, -28.257945969918502, -32.06260870793399
6033.1, -29.84342916174592, -40.98290742186106
6033.7, -31.606454246544036, -40.98290742186106
6038.5, -31.737223675151057, -40.98290742186106
6040.5, -32.97611108354123, -43.27845545057395
6041.1, -34.642352249030296, -44.530880052750796
6041.7, -36.193515541583814, -44.530880052750796
6044.5, -36.731735747481395, -44.530880052750796
6058.5, -32.408230154946985, -42.845363165601015
6062.6, -32.69470790545075, -43.05788928145978
6074.1, -29.245452097983136, -43.05788928145978
6091.3, -25.29683911092507, -37.382474962198515
6113.7, -21.628765380393475, -37.382474962198515
6118.1, -21.71617392407687, -37.382474962198515
6122.0, -23.87359736018166, -37.382474962198515
6123.8, -25.585910406885436, -38.06366579704109
6148.5, -19.379573483694166, -38.06366579704109
6165.6, -10.0, 10.0
6166.8, -15.308682699918768, 9.270129948456082
6173.9, -15.788988377153682, 9.364586192990206
6179.4, -15.68944954324625, 9.310358428372563
6198.3, -17.793472864754904, 9.310358428372563
6218.3, -16.241468736006972, 9.310358428372563
6219.9, -17.865021452535732, 9.310358428372563
6222.8, -17.61573683776467, 9.794090457872892
6236.3, -16.013620214624346, 9.794090457872892
6240.1, -17.583820603845737, 9.794090457872892
6241.9, -17.29941957834757, 9.660279419222586
6270.2, -16.191091778564587, 9.660279419222586
6283.1, -18.177448794404544, 9.660279419222586
6284.8, -17.901875549610214, 9.912451573202432
6300.0, -16.18754659303189, 9.912451573202432
6308.0, -18.101930957197315, 9.912451573202432
6308.6, -17.763049146862727, 9.834175766524309
6316.1, -17.7055429923131, 9.810122642955191
6317.3, -15.626201830261314, 9.810122642955191
6318.0, -16.966145139239657, 9.810122642955191
6340.2, -15.87810588183496, 9.810122642955191
6347.0, -17.668105058817446, 9.810122642955191
6349.6, -15.61364481882698, 9.810122642955191
6364.9, -17.548919526263294, 9.810122642955191
6368.2, -17.30932894060284, 9.674562512535863
6370.4, -15.45508880991324, 9.674562512535863
6378.6, -17.042248371614704, 9.674562512535863
6386.6, -17.061476696842742, 9.578103184637651
6396.7, -15.498872608930515, 9.578103184637651
6409.3, -17.433459930041224, 9.578103184637651
6410.3, -15.393523784780268, 9.578103184637651
6431.2, -15.83604331577708, 9.426079379381411
6432.3, -17.342790940205834, 9.426079379381411
6434.4, -17.03625238917581, 9.564186945634708
6454.0, -17.5945304912084, 9.787863205499024
6458.2, -17.39689745073306, 9.70624412572971
6460.7, -15.410764649144497, 9.70624412572971
6466.7, -15.342152197612636, 9.16255529055183
6472.9, -15.286562182915217, 9.135076223759334
6473.7, -16.554344558377075, 9.135076223759334
6479.1, -16.46665636558447, 9.359622931365376
6479.7, -14.580910448926872, 9.359622931365376
6490.3, -14.83754473738107, 8.927625052500776
6492.0, -14.673861960017035, 8.927625052500776
6497.4, -14.631304374390275, 8.824700087146743
6507.3, -14.754858873671365, 8.824700087146743
6512.1, -14.663262030187479, 8.852373088031346
6512.7, -14.316668269016528, 8.708945324095595
6527.4, -14.858401496162708, 8.936787975841375
6532.6, -14.787904384107998, 8.9059387811532
6543.2, -15.11533068555681, 8.9059387811532
6559.4, -15.533014249096619, 9.226874949695727
6587.9, -17.83964705524381, 9.226874949695727
6588.5, -17.515281916864897, 9.782067634154517
6595.5, -15.70114898949674, 9.782067634154517
6612.9, -16.098725434533637, 9.782067634154517
6613.5, -15.955584527272922, 9.421460772663872
6616.5, -15.764284346378265, 9.31882551722544
6620.9, -17.31154348805443, 9.31882551722544
6625.9, -17.15865411168006, 9.582723101253562
6630.7, -17.003788818717705, 9.527292594308905
6653.8, -15.991677464912676, 9.527292594308905
6661.7, -15.693574540194975, 9.527292594308905
6667.2, -15.913852027094999, 9.527292594308905
6676.7, -15.953024254720505, 9.40135978261084
6680.4, -15.470067705712614, 9.40135978261084
6683.2, -15.270226802702886, 9.135245926157513
6687.6, -15.430868135611739, 9.135245926157513
6689.2, -15.149198568753311, 9.022019813259554
6692.6, -14.700381831114214, 9.022019813259554
6713.2, -15.377320457339232, 9.18733026705747
6720.2, -15.346055751194658, 9.171404290613054
6736.1, -15.920459729379049, 9.171404290613054
6739.9, -15.458744983886412, 9.171404290613054
6743.7, -15.298627573379868, 9.152945598047744
6745.5, -15.049917727672923, 9.032250416659487
6757.8, -15.279191620887369, 9.143459487320936
6771.3, -15.796289095180587, 9.143459487320936
6782.1, -15.889770940235966, 9.378269890773534
6786.4, -15.742147911497659, 9.301637045397635
6810.0, -15.847246894001659, 9.301637045397635
6812.4, -16.02852101536572, 9.301637045397635
6816.3, -15.521546987200706, 9.301637045397635
6816.9, -15.245362374463268, 9.137573884481094
6830.8, -15.826380915464108, 9.137573884481094
6847.7, -15.758445315188101, 9.137573884481094
6863.9, -16.274097615978622, 9.137573884481094
6880.0, -16.039734616707488, 9.137573884481094
6884.9, -15.940698463866244, 9.54628604057643
6895.0, -16.401133157084953, 9.54628604057643
6896.5, -15.754822732226133, 9.54628604057643
6903.7, -16.133591673904604, 9.54628604057643
6905.0, -15.879067914959915, 9.34631615614025
6905.6, -15.568624772292834, 9.197487870978103
6910.1, -15.435373715889556, 9.137428868080088
6912.4, -15.188850774926465, 9.030825857746077
6917.7, -14.760937340775172, 9.030825857746077
6923.0, -14.643735004590091, 8.861968424670675
6924.0, -14.717830696839528, 8.861968424670675
6927.9, -14.584697086238174, 8.787400508770311
6938.0, -14.88059329260468, 8.903985911669041
6940.6, -14.273044311737928, 8.903985911669041
6953.6, -15.003849120635175, 8.903985911669041
6960.7, -15.034569106330252, 8.98140884552434
6964.4, -14.876118298401169, 8.914958006591993
6979.2, -15.332548191657983, 9.111904741931529
6982.1, -15.11955586540284, 9.017828076344914
6983.2, -14.505814593680944, 9.017828076344914
6997.8, -15.27199737137068, 9.017828076344914
7005.7, -15.368741208166012, 9.118343842403364
7018.2, -15.204013459318391, 9.118343842403364
7027.7, -15.276595056956172, 9.168567077469048
7054.2, -15.920730378244095, 9.168567077469048
7066.6, -15.977041531866986, 9.561201417120106
7074.0, -16.147040372929442, 9.561201417120106
7077.2, -15.983823536623825, 9.465162852004886
7087.0, -15.731043937951327, 9.465162852004886
7094.4, -15.95856599841104, 9.465162852004886
7095.0, -15.43416763383, 9.465162852004886
7105.8, -15.785159154824179, 9.465162852004886
7110.2, -15.391027763354794, 9.465162852004886
7110.9, -15.34298042341093, 9.465162852004886
7111.5, -15.015526352984788, 8.983280095647881
7112.1, -14.667456186412297, 8.837054158693618
7120.3, -14.802817555208833, 8.892920462459978
7132.5, -14.900246198814322, 8.892920462459978
7139.9, -14.930102728148638, 8.987056363982244
7144.5, -14.817350392817618, 8.935315208692113
7151.1, -14.813939737393943, 8.933770647332441
7152.6, -14.774655807358544, 8.933770647332441
7166.3, -15.192618309496456, 9.056540497557103
7178.5, -15.437907281746337, 9.168899506157278
7179.1, -15.114682090369838, 9.02215672260018
7185.6, -14.849684821069886, 9.02215672260018
7188.5, -14.652146799567916, 8.861748230513331
7190.5, -14.609368741447941, 8.861748230513331
7214.3, -15.52542413979495, 9.21772249628917
7233.4, -15.654920789470973, 9.21772249628917
7251.8, -15.883733851002852, 9.523445342549936
7256.3, -16.074346894059886, 9.523445342549936
7260.9, -15.571168890406495, 9.523445342549936
7262.2, -15.69407961102614, 9.523445342549936
7264.8, -15.477871573502895, 9.187447201856731
7266.2, -15.197791665429257, 9.058497666015274
7280.5, -15.193165744011031, 9.058497666015274
7298.5, -15.534742771734289, 9.32397907824659
7307.7, -16.014549885549357, 9.32397907824659
7308.3, -15.622530577205412, 9.264895665751
7311.4, -15.427804804390473, 9.169267503875407
7316.1, -15.307054853775925, 9.112688252784915
7320.2, -14.858120533932443, 9.112688252784915
7322.3, -14.907183961459172, 9.112688252784915
7325.8, -14.45876870581747, 9.112688252784915
7343.3, -15.063825405384746, 9.0576329220309
7344.2, -14.766577729753156, 8.917900608825748
7356.2, -15.297613222806334, 8.917900608825748
7363.1, -15.029712126462028, 8.917900608825748
7365.1, -15.030149113038673, 8.917900608825748
7369.5, -14.67213537245371, 8.917900608825748
7401.5, -15.287318827343116, 9.297234059451101
7434.6, -8.895640312928167, 7.857983411905858
7435.2, -15.885777740678186, 9.580575332964536
7440.6, -15.464445465093707, 9.43384592431143
7446.3, -17.656613165448967, 9.853964468520513
7446.9, -17.315730963183277, 9.70327084590253
7449.8, -1.8237885005713013, -11.07506051226124
7458.1, -15.356002650954178, -27.687178383436933
7459.6, -2.2309393317498722, -10.639035348859366
7460.8, -19.734726524421273, -31.12150325243295
7462.7, -21.138974288930875, -32.07760389086774
7466.6, -20.904550244897994, -31.47819817520676
7476.3, -3.740113544756205, -11.22088220768666
7477.9, -22.147746960547682, -32.7607269463169
7493.3, -19.32176938867292, -30.832559668298728
7506.2, -18.638179942128488, -30.832559668298728
7508.6, -20.16776503062066, -31.955523342509164
7510.6, -21.627705104105626, -32.94956401982869
7512.8, -21.764569304148175, -32.94956401982869
7541.4, -16.979882680742488, -32.94956401982869
7542.0, -19.089150737436366, -31.480237626815995
7548.9, -19.254960737101914, -31.59288034223598
7569.4, -15.166452553624186, -28.499835872221908
7570.0, -16.234351605701566, -28.499835872221908
7577.6, -16.318349613283893, -28.749684068614783
7584.0, -17.86713423910304, -28.749684068614783
7584.6, -19.864545109350722, -31.73441794822971
7594.4, -19.077473807288385, -31.200094647918974
7595.1, -21.002178776169206, -32.50772363538581
7595.8, -22.81742529972846, -33.75064186076602
7608.8, -19.725104204444474, -33.75064186076602
7611.7, -27.019522930260074, -33.75064186076602
7614.7, -28.13346195469078, -39.78016002423612
7616.1, -29.72941938884607, -40.919099092035154
7616.7, -24.921526977912755, -40.919099092035154
7619.9, -32.24883113166084, -40.919099092035154
7653.8, -22.636959147692064, -35.9786445317232
7681.6, -16.849033047172487, -35.9786445317232
7688.2, -0.5900873691689459, -12.098862277536954
7697.5, -12.50736996975042, -26.14574119946921
7715.0, -9.903833630452262, -23.86115293345491
7731.0, -4.91302049433577, -17.851137629947164
7731.6, -11.185743539602583, -24.947554888015713
7735.1, -11.44684427163304, -24.48683204484806
7745.0, -18.264517927370296, -32.86511746017473
7752.0, -18.889082599690713, -33.29534014964019
7773.2, -15.604269027699408, -30.981239543931363
7773.8, -18.200932437753078, -32.82113849230516
7774.4, -20.5807257615111, -34.44966428835054
7779.0, -1.799167702132872, -11.18298082544958
7792.2, -13.79429917150446, -26.566705840764936
7798.9, -13.69702099544515, -26.193480816549634
7804.4, -15.046628807074873, -27.428044948830646
7809.8, -15.194144041315841, -27.25712935424568
7823.5, -14.16725648542379, -26.803187042737072
7826.2, -15.971632244799252, -28.21337601406083
7832.2, -16.169139081281976, -28.20899565217199
7839.9, -16.432417059518926, -28.53140817543748
7840.5, -25.782879524251634, -38.41675004447215
7848.5, -2.4505207018763997, -10.47646085492841
7865.0, -10.0, 10.0
7868.8, -15.050593087100719, 9.090245780153717
7869.4, -14.85370085694918, 8.968540669249716
7873.5, -9.306202731670682, 7.15686885960354
7877.8, -14.59960668372249, 8.85186694891285
7878.4, -10.0, 10.0
7881.6, -14.09540120872176, 8.636382910253355
7895.4, -1.5285018707646665, -8.273476701933737
7896.3, -22.36466704614124, -32.89890126171759
7897.3, -7.5155549252597185, -14.865203091302684
7908.6, -21.699879153525394, -32.28793755642771
7909.2, -23.710988042431435, -33.83327947993648
7921.4, -5.168303133032477, -12.77101367365265
7937.6, -18.68312368850571, -30.40896833900421
7938.6, -27.267552713441592, -39.449161380255056
7949.5, -2.472546055309627, -10.322912234439965
7950.1, -20.908147560295756, -31.88757554702449
7962.4, -19.22116466354704, -30.774181423653133
7966.3, -26.895746454125568, -39.189370607895924
7979.7, -2.3067920939527036, -10.654511598508444
7986.3, -10.0, 10.0
7986.9, -16.764848515890563, 10.0
7987.5, -14.353997584594376, 10.0
7997.9, -17.329324483041354, 10.0
7999.4, -16.920478437630614, 9.433729205697912
8001.2, -14.070157333508565, 9.433729205697912
8007.7, -17.009109914826, 9.433729205697912
8018.0, -18.00275612062615, 9.702634315746577
8018.6, -17.441163010893387, 9.556729297320416
8035.1, -18.49761405205449, 9.833559149096153
8040.2, -14.664090889354236, 9.833559149096153
8069.4, -15.558212347369853, 9.33585209770615
8073.7, -15.423977800725403, 9.255985266885421
8074.7, -15.165873484731252, 9.116394810747304
8078.4, -18.960439340816336, 9.116394810747304
8085.2, -15.06280274762145, 9.116394810747304
8085.8, -14.74483817853313, 8.900998803281812
8091.5, -14.69970021950051, 8.881027493235454
8092.1, -14.363711520286783, 8.737359174746906
8098.3, -14.38945135700723, 8.748088723228985
8109.0, -16.89789363856187, 8.748088723228985
8118.1, -16.449449467724417, 9.353519308157198
8125.8, -14.92696240622216, 9.353519308157198
8139.8, -15.259687713754206, 9.129697267223246
8140.4, -18.415061175922297, 9.129697267223246
8141.1, -14.621299022591586, 9.129697267223246
8142.3, -17.41048623523566, 9.129697267223246
8143.6, -16.95038496822996, 9.429466924639264
8149.6, -14.068723337804466, 9.429466924639264
8150.2, -16.501859965840612, 9.429466924639264
8154.6, -16.448718082680394, 9.299029833479052
8156.9, -13.457536706505051, 9.299029833479052
8158.0, -13.140999010289514, 8.262399346613133
8159.1, -15.24334770480457, 8.262399346613133
8164.5, -15.46435392360134, 9.046669697561077
8172.4, 5.9717291518611075, 9.046669697561077
8185.6, -10.0, 9.046669697561077
8186.9, -16.588097778559302, 9.046669697561077
8190.9, -15.12602725009033, 8.914497790867586
8210.0, -14.659423610833082, 8.914497790867586
8219.2, -18.804014320113602, 8.914497790867586
8220.1, -18.26043565170602, 9.761788116038751
8223.5, -17.99664674173722, 9.695716366820347
8238.5, -14.840146210016627, 9.695716366820347
8243.4, -14.747176417789516, 8.900935272988924
8247.3, -14.607701340861613, 8.839891757789857
8249.0, -17.995304631041712, 8.839891757789857
8273.1, -15.263411894503761, 8.839891757789857
8276.1, -19.26690334167168, 8.839891757789857
8279.6, -14.899746702935015, 8.839891757789857
8287.6, -14.957490964357898, 8.996958435432806
8288.4, -18.516544101426337, 8.996958435432806
8291.9, -18.24797092171375, 9.759371677121397
8296.2, -14.382336105721981, 9.759371677121397
8296.8, -14.031327614119332, 8.60188859146106
8297.4, -13.675113770619578, 8.462903627739358
8300.4, -13.524375771766575, 8.405542938487686
8308.5, -17.34888011986642, 8.405542938487686
8315.6, -17.16741975727296, 9.48672889735929
8337.0, -14.886101328132996, 9.48672889735929
8338.2, -18.24800702538736, 9.48672889735929
8363.0, -15.406985891562918, 9.48672889735929
8380.9, -20.132140378543163, 9.48672889735929
8382.4, -19.687892175385826, 10.171311192181273
8391.0, -15.445808801441979, 10.171311192181273
8391.6, -19.30571592214438, 10.171311192181273
8422.9, -15.877111828922468, 10.171311192181273
8429.7, -15.814989748110522, 9.494997761754298
8488.3, -16.073781786382437, 9.494997761754298
